run_id,name,method,model,num_stages,channels,share_weights,use_bn,use_residual,rho_init,mask,sampling_ratio,loss,epochs,lr,optimizer,weight_decay,seed,split,metric,value,std
comparison_e47eaa5ca7,comparison,classical_cs,classical_cs,8,64,False,True,True,0.1,gaussian1d,0.2,mse_l1,40,0.0005,adam,0.0,0,val,psnr_real,21.538939565606803,1.958925210170209
comparison_e47eaa5ca7,comparison,classical_cs,classical_cs,8,64,False,True,True,0.1,gaussian1d,0.2,mse_l1,40,0.0005,adam,0.0,0,val,psnr_imag,30.41318425156627,2.1817878688937924
comparison_e47eaa5ca7,comparison,classical_cs,classical_cs,8,64,False,True,True,0.1,gaussian1d,0.2,mse_l1,40,0.0005,adam,0.0,0,val,ssim_real,0.2929004746059535,0.0793943549150703
comparison_e47eaa5ca7,comparison,classical_cs,classical_cs,8,64,False,True,True,0.1,gaussian1d,0.2,mse_l1,40,0.0005,adam,0.0,0,val,ssim_imag,0.3454652331411714,0.0761729859329563
comparison_e47eaa5ca7,comparison,classical_cs,classical_cs,8,64,False,True,True,0.1,gaussian1d,0.2,mse_l1,40,0.0005,adam,0.0,0,val,nmse,0.7993240867875563,0.0271436125292007
comparison_e47eaa5ca7,comparison,classical_cs,classical_cs,8,64,False,True,True,0.1,gaussian1d,0.2,mse_l1,40,0.0005,adam,0.0,0,test,psnr_real,21.503156929335336,1.8321735480452008
comparison_e47eaa5ca7,comparison,classical_cs,classical_cs,8,64,False,True,True,0.1,gaussian1d,0.2,mse_l1,40,0.0005,adam,0.0,0,test,psnr_imag,30.35811070717528,2.084844293196532
comparison_e47eaa5ca7,comparison,classical_cs,classical_cs,8,64,False,True,True,0.1,gaussian1d,0.2,mse_l1,40,0.0005,adam,0.0,0,test,ssim_real,0.2982418965002732,0.0786567295344084
comparison_e47eaa5ca7,comparison,classical_cs,classical_cs,8,64,False,True,True,0.1,gaussian1d,0.2,mse_l1,40,0.0005,adam,0.0,0,test,ssim_imag,0.3481481107084322,0.0729839455923918
comparison_e47eaa5ca7,comparison,classical_cs,classical_cs,8,64,False,True,True,0.1,gaussian1d,0.2,mse_l1,40,0.0005,adam,0.0,0,test,nmse,0.7992470169665923,0.0262659970870029
comparison_e47eaa5ca7,comparison,zero_filled,classical_cs,8,64,False,True,True,0.1,gaussian1d,0.2,mse_l1,40,0.0005,adam,0.0,0,test,psnr_real,21.50856849638488,1.8298294844806688
comparison_e47eaa5ca7,comparison,zero_filled,classical_cs,8,64,False,True,True,0.1,gaussian1d,0.2,mse_l1,40,0.0005,adam,0.0,0,test,psnr_imag,30.390463649478416,2.0871202317882243
comparison_e47eaa5ca7,comparison,zero_filled,classical_cs,8,64,False,True,True,0.1,gaussian1d,0.2,mse_l1,40,0.0005,adam,0.0,0,test,ssim_real,0.2971664050819984,0.0790501094279452
comparison_e47eaa5ca7,comparison,zero_filled,classical_cs,8,64,False,True,True,0.1,gaussian1d,0.2,mse_l1,40,0.0005,adam,0.0,0,test,ssim_imag,0.3492766627457351,0.0729403628103472
comparison_e47eaa5ca7,comparison,zero_filled,classical_cs,8,64,False,True,True,0.1,gaussian1d,0.2,mse_l1,40,0.0005,adam,0.0,0,test,nmse,0.7976990125169315,0.0262881442675602
comparison_0592bb5ea2,comparison,classical_cs,classical_cs,8,64,False,True,True,0.1,gaussian1d,0.2,mse_l1,40,0.0005,adam,0.0,1,val,psnr_real,27.03056243068241,1.8383298440319724
comparison_0592bb5ea2,comparison,classical_cs,classical_cs,8,64,False,True,True,0.1,gaussian1d,0.2,mse_l1,40,0.0005,adam,0.0,1,val,psnr_imag,30.853349681687007,2.2525314985654687
comparison_0592bb5ea2,comparison,classical_cs,classical_cs,8,64,False,True,True,0.1,gaussian1d,0.2,mse_l1,40,0.0005,adam,0.0,1,val,ssim_real,0.5445898826659845,0.0393290955916231
comparison_0592bb5ea2,comparison,classical_cs,classical_cs,8,64,False,True,True,0.1,gaussian1d,0.2,mse_l1,40,0.0005,adam,0.0,1,val,ssim_imag,0.3287271769379026,0.0687752878942296
comparison_0592bb5ea2,comparison,classical_cs,classical_cs,8,64,False,True,True,0.1,gaussian1d,0.2,mse_l1,40,0.0005,adam,0.0,1,val,nmse,0.28478938953986,0.0285776324952598
comparison_0592bb5ea2,comparison,classical_cs,classical_cs,8,64,False,True,True,0.1,gaussian1d,0.2,mse_l1,40,0.0005,adam,0.0,1,test,psnr_real,27.042689854131083,1.793170841032531
comparison_0592bb5ea2,comparison,classical_cs,classical_cs,8,64,False,True,True,0.1,gaussian1d,0.2,mse_l1,40,0.0005,adam,0.0,1,test,psnr_imag,30.77965796243197,2.1341091211538665
comparison_0592bb5ea2,comparison,classical_cs,classical_cs,8,64,False,True,True,0.1,gaussian1d,0.2,mse_l1,40,0.0005,adam,0.0,1,test,ssim_real,0.5463363384227873,0.0386662688505177
comparison_0592bb5ea2,comparison,classical_cs,classical_cs,8,64,False,True,True,0.1,gaussian1d,0.2,mse_l1,40,0.0005,adam,0.0,1,test,ssim_imag,0.3300981250392842,0.0652700244155134
comparison_0592bb5ea2,comparison,classical_cs,classical_cs,8,64,False,True,True,0.1,gaussian1d,0.2,mse_l1,40,0.0005,adam,0.0,1,test,nmse,0.2826196110522896,0.0245526853588383
comparison_0592bb5ea2,comparison,zero_filled,classical_cs,8,64,False,True,True,0.1,gaussian1d,0.2,mse_l1,40,0.0005,adam,0.0,1,test,psnr_real,27.083906317355744,1.7942146610596017
comparison_0592bb5ea2,comparison,zero_filled,classical_cs,8,64,False,True,True,0.1,gaussian1d,0.2,mse_l1,40,0.0005,adam,0.0,1,test,psnr_imag,30.839243198538423,2.148736220897032
comparison_0592bb5ea2,comparison,zero_filled,classical_cs,8,64,False,True,True,0.1,gaussian1d,0.2,mse_l1,40,0.0005,adam,0.0,1,test,ssim_real,0.5495570241532066,0.0384941045018988
comparison_0592bb5ea2,comparison,zero_filled,classical_cs,8,64,False,True,True,0.1,gaussian1d,0.2,mse_l1,40,0.0005,adam,0.0,1,test,ssim_imag,0.330610309310538,0.0654125475464479
comparison_0592bb5ea2,comparison,zero_filled,classical_cs,8,64,False,True,True,0.1,gaussian1d,0.2,mse_l1,40,0.0005,adam,0.0,1,test,nmse,0.2797102745793853,0.0248478558062702
comparison_527bb4969c,comparison,classical_cs,classical_cs,8,64,False,True,True,0.1,gaussian1d,0.2,mse_l1,40,0.0005,adam,0.0,2,val,psnr_real,20.26017693338414,2.018847720522646
comparison_527bb4969c,comparison,classical_cs,classical_cs,8,64,False,True,True,0.1,gaussian1d,0.2,mse_l1,40,0.0005,adam,0.0,2,val,psnr_imag,39.49072786462581,1.9384060588092933
comparison_527bb4969c,comparison,classical_cs,classical_cs,8,64,False,True,True,0.1,gaussian1d,0.2,mse_l1,40,0.0005,adam,0.0,2,val,ssim_real,0.3033875753959186,0.0830973943224138
comparison_527bb4969c,comparison,classical_cs,classical_cs,8,64,False,True,True,0.1,gaussian1d,0.2,mse_l1,40,0.0005,adam,0.0,2,val,ssim_imag,0.7883615287211344,0.0656959109664157
comparison_527bb4969c,comparison,classical_cs,classical_cs,8,64,False,True,True,0.1,gaussian1d,0.2,mse_l1,40,0.0005,adam,0.0,2,val,nmse,0.9596801929035864,0.0180161678900904
comparison_527bb4969c,comparison,classical_cs,classical_cs,8,64,False,True,True,0.1,gaussian1d,0.2,mse_l1,40,0.0005,adam,0.0,2,test,psnr_real,20.21309342244679,1.8881687567032883
comparison_527bb4969c,comparison,classical_cs,classical_cs,8,64,False,True,True,0.1,gaussian1d,0.2,mse_l1,40,0.0005,adam,0.0,2,test,psnr_imag,39.557747908715925,1.914918513591742
comparison_527bb4969c,comparison,classical_cs,classical_cs,8,64,False,True,True,0.1,gaussian1d,0.2,mse_l1,40,0.0005,adam,0.0,2,test,ssim_real,0.3093142611711095,0.0819802419985938
comparison_527bb4969c,comparison,classical_cs,classical_cs,8,64,False,True,True,0.1,gaussian1d,0.2,mse_l1,40,0.0005,adam,0.0,2,test,ssim_imag,0.7916825830188257,0.0639191885807399
comparison_527bb4969c,comparison,classical_cs,classical_cs,8,64,False,True,True,0.1,gaussian1d,0.2,mse_l1,40,0.0005,adam,0.0,2,test,nmse,0.9611926399264874,0.0155935361182937
comparison_527bb4969c,comparison,zero_filled,classical_cs,8,64,False,True,True,0.1,gaussian1d,0.2,mse_l1,40,0.0005,adam,0.0,2,test,psnr_real,20.22555370011589,1.889175777325092
comparison_527bb4969c,comparison,zero_filled,classical_cs,8,64,False,True,True,0.1,gaussian1d,0.2,mse_l1,40,0.0005,adam,0.0,2,test,psnr_imag,40.40457013660894,1.997788508077676
comparison_527bb4969c,comparison,zero_filled,classical_cs,8,64,False,True,True,0.1,gaussian1d,0.2,mse_l1,40,0.0005,adam,0.0,2,test,ssim_real,0.3136392852377193,0.0813966035904043
comparison_527bb4969c,comparison,zero_filled,classical_cs,8,64,False,True,True,0.1,gaussian1d,0.2,mse_l1,40,0.0005,adam,0.0,2,test,ssim_imag,0.8120117357086437,0.0608396214849232
comparison_527bb4969c,comparison,zero_filled,classical_cs,8,64,False,True,True,0.1,gaussian1d,0.2,mse_l1,40,0.0005,adam,0.0,2,test,nmse,0.9564093487282678,0.0161434595237574
comparison_83d27c9d40,comparison,classical_cs,classical_cs,8,64,False,True,True,0.1,gaussian1d,0.3,mse_l1,40,0.0005,adam,0.0,0,val,psnr_real,21.65631918220281,1.9848626108317813
comparison_83d27c9d40,comparison,classical_cs,classical_cs,8,64,False,True,True,0.1,gaussian1d,0.3,mse_l1,40,0.0005,adam,0.0,0,val,psnr_imag,30.40723970289768,2.180203906066347
comparison_83d27c9d40,comparison,classical_cs,classical_cs,8,64,False,True,True,0.1,gaussian1d,0.3,mse_l1,40,0.0005,adam,0.0,0,val,ssim_real,0.2968980984330675,0.0805509208919788
comparison_83d27c9d40,comparison,classical_cs,classical_cs,8,64,False,True,True,0.1,gaussian1d,0.3,mse_l1,40,0.0005,adam,0.0,0,val,ssim_imag,0.3430762775942279,0.0767808385377631
comparison_83d27c9d40,comparison,classical_cs,classical_cs,8,64,False,True,True,0.1,gaussian1d,0.3,mse_l1,40,0.0005,adam,0.0,0,val,nmse,0.7806685849370937,0.0278399292445106
comparison_83d27c9d40,comparison,classical_cs,classical_cs,8,64,False,True,True,0.1,gaussian1d,0.3,mse_l1,40,0.0005,adam,0.0,0,test,psnr_real,21.614811482289845,1.8475603479248488
comparison_83d27c9d40,comparison,classical_cs,classical_cs,8,64,False,True,True,0.1,gaussian1d,0.3,mse_l1,40,0.0005,adam,0.0,0,test,psnr_imag,30.34846062440753,2.083990510357068
comparison_83d27c9d40,comparison,classical_cs,classical_cs,8,64,False,True,True,0.1,gaussian1d,0.3,mse_l1,40,0.0005,adam,0.0,0,test,ssim_real,0.3023923927115347,0.0797008776122013
comparison_83d27c9d40,comparison,classical_cs,classical_cs,8,64,False,True,True,0.1,gaussian1d,0.3,mse_l1,40,0.0005,adam,0.0,0,test,ssim_imag,0.3456427929104621,0.0735321701523488
comparison_83d27c9d40,comparison,classical_cs,classical_cs,8,64,False,True,True,0.1,gaussian1d,0.3,mse_l1,40,0.0005,adam,0.0,0,test,nmse,0.7815186826504424,0.0256011360201117
comparison_83d27c9d40,comparison,zero_filled,classical_cs,8,64,False,True,True,0.1,gaussian1d,0.3,mse_l1,40,0.0005,adam,0.0,0,test,psnr_real,21.60755972682681,1.8443774653523937
comparison_83d27c9d40,comparison,zero_filled,classical_cs,8,64,False,True,True,0.1,gaussian1d,0.3,mse_l1,40,0.0005,adam,0.0,0,test,psnr_imag,30.377767107975533,2.0848292233403383
comparison_83d27c9d40,comparison,zero_filled,classical_cs,8,64,False,True,True,0.1,gaussian1d,0.3,mse_l1,40,0.0005,adam,0.0,0,test,ssim_real,0.3017083461158694,0.0797648775165876
comparison_83d27c9d40,comparison,zero_filled,classical_cs,8,64,False,True,True,0.1,gaussian1d,0.3,mse_l1,40,0.0005,adam,0.0,0,test,ssim_imag,0.3461612068023142,0.0740118258339385
comparison_83d27c9d40,comparison,zero_filled,classical_cs,8,64,False,True,True,0.1,gaussian1d,0.3,mse_l1,40,0.0005,adam,0.0,0,test,nmse,0.7820399040706986,0.025187587939406
comparison_1f7e28a0dc,comparison,classical_cs,classical_cs,8,64,False,True,True,0.1,gaussian1d,0.3,mse_l1,40,0.0005,adam,0.0,2,val,psnr_real,20.354876990109247,2.043495468467484
comparison_1f7e28a0dc,comparison,classical_cs,classical_cs,8,64,False,True,True,0.1,gaussian1d,0.3,mse_l1,40,0.0005,adam,0.0,2,val,psnr_imag,39.04103448346164,1.878640704082868
comparison_1f7e28a0dc,comparison,classical_cs,classical_cs,8,64,False,True,True,0.1,gaussian1d,0.3,mse_l1,40,0.0005,adam,0.0,2,val,ssim_real,0.2907904456359857,0.0857041714028639
comparison_1f7e28a0dc,comparison,classical_cs,classical_cs,8,64,False,True,True,0.1,gaussian1d,0.3,mse_l1,40,0.0005,adam,0.0,2,val,ssim_imag,0.7967542678677713,0.0625559151342591
comparison_1f7e28a0dc,comparison,classical_cs,classical_cs,8,64,False,True,True,0.1,gaussian1d,0.3,mse_l1,40,0.0005,adam,0.0,2,val,nmse,0.9408545944536404,0.0274000642906561
comparison_1f7e28a0dc,comparison,classical_cs,classical_cs,8,64,False,True,True,0.1,gaussian1d,0.3,mse_l1,40,0.0005,adam,0.0,2,test,psnr_real,20.30279832504783,1.9054162968421369
comparison_1f7e28a0dc,comparison,classical_cs,classical_cs,8,64,False,True,True,0.1,gaussian1d,0.3,mse_l1,40,0.0005,adam,0.0,2,test,psnr_imag,39.09453854101971,1.8704570131914728
comparison_1f7e28a0dc,comparison,classical_cs,classical_cs,8,64,False,True,True,0.1,gaussian1d,0.3,mse_l1,40,0.0005,adam,0.0,2,test,ssim_real,0.2971302313441761,0.0846910488313224
comparison_1f7e28a0dc,comparison,classical_cs,classical_cs,8,64,False,True,True,0.1,gaussian1d,0.3,mse_l1,40,0.0005,adam,0.0,2,test,ssim_imag,0.7993366350439303,0.0624852547021661
comparison_1f7e28a0dc,comparison,classical_cs,classical_cs,8,64,False,True,True,0.1,gaussian1d,0.3,mse_l1,40,0.0005,adam,0.0,2,test,nmse,0.9432999928127273,0.0235368207602901
comparison_1f7e28a0dc,comparison,zero_filled,classical_cs,8,64,False,True,True,0.1,gaussian1d,0.3,mse_l1,40,0.0005,adam,0.0,2,test,psnr_real,20.31666323530125,1.906408817830625
comparison_1f7e28a0dc,comparison,zero_filled,classical_cs,8,64,False,True,True,0.1,gaussian1d,0.3,mse_l1,40,0.0005,adam,0.0,2,test,psnr_imag,39.97213393175452,1.983742244492961
comparison_1f7e28a0dc,comparison,zero_filled,classical_cs,8,64,False,True,True,0.1,gaussian1d,0.3,mse_l1,40,0.0005,adam,0.0,2,test,ssim_real,0.2990117853343736,0.0846932566866857
comparison_1f7e28a0dc,comparison,zero_filled,classical_cs,8,64,False,True,True,0.1,gaussian1d,0.3,mse_l1,40,0.0005,adam,0.0,2,test,ssim_imag,0.8208317710515346,0.0608276045308018
comparison_1f7e28a0dc,comparison,zero_filled,classical_cs,8,64,False,True,True,0.1,gaussian1d,0.3,mse_l1,40,0.0005,adam,0.0,2,test,nmse,0.9379940850964152,0.0237486553386381
comparison_8b0b8940ee,comparison,classical_cs,classical_cs,8,64,False,True,True,0.1,gaussian1d,0.5,mse_l1,40,0.0005,adam,0.0,0,val,psnr_real,22.445565711481336,2.021336769032504
comparison_8b0b8940ee,comparison,classical_cs,classical_cs,8,64,False,True,True,0.1,gaussian1d,0.5,mse_l1,40,0.0005,adam,0.0,0,val,psnr_imag,38.288614348728125,1.769175033191803
comparison_8b0b8940ee,comparison,classical_cs,classical_cs,8,64,False,True,True,0.1,gaussian1d,0.5,mse_l1,40,0.0005,adam,0.0,0,val,ssim_real,0.3857595150928656,0.081682555951884
comparison_8b0b8940ee,comparison,classical_cs,classical_cs,8,64,False,True,True,0.1,gaussian1d,0.5,mse_l1,40,0.0005,adam,0.0,0,val,ssim_imag,0.708596780553989,0.0657852073278218
comparison_8b0b8940ee,comparison,classical_cs,classical_cs,8,64,False,True,True,0.1,gaussian1d,0.5,mse_l1,40,0.0005,adam,0.0,0,val,nmse,0.5903430218363107,0.0497422009016925
comparison_8b0b8940ee,comparison,classical_cs,classical_cs,8,64,False,True,True,0.1,gaussian1d,0.5,mse_l1,40,0.0005,adam,0.0,0,test,psnr_real,22.400857534368665,1.8654832843125364
comparison_8b0b8940ee,comparison,classical_cs,classical_cs,8,64,False,True,True,0.1,gaussian1d,0.5,mse_l1,40,0.0005,adam,0.0,0,test,psnr_imag,38.303052367525616,1.7674702371235618
comparison_8b0b8940ee,comparison,classical_cs,classical_cs,8,64,False,True,True,0.1,gaussian1d,0.5,mse_l1,40,0.0005,adam,0.0,0,test,ssim_real,0.3909969279020401,0.0804866534123019
comparison_8b0b8940ee,comparison,classical_cs,classical_cs,8,64,False,True,True,0.1,gaussian1d,0.5,mse_l1,40,0.0005,adam,0.0,0,test,ssim_imag,0.7097387998423317,0.0647193206732911
comparison_8b0b8940ee,comparison,classical_cs,classical_cs,8,64,False,True,True,0.1,gaussian1d,0.5,mse_l1,40,0.0005,adam,0.0,0,test,nmse,0.590685113266921,0.0471361798416776
comparison_8b0b8940ee,comparison,zero_filled,classical_cs,8,64,False,True,True,0.1,gaussian1d,0.5,mse_l1,40,0.0005,adam,0.0,0,test,psnr_real,22.37435620599212,1.8588045648608604
comparison_8b0b8940ee,comparison,zero_filled,classical_cs,8,64,False,True,True,0.1,gaussian1d,0.5,mse_l1,40,0.0005,adam,0.0,0,test,psnr_imag,37.945002049082994,1.839244194504744
comparison_8b0b8940ee,comparison,zero_filled,classical_cs,8,64,False,True,True,0.1,gaussian1d,0.5,mse_l1,40,0.0005,adam,0.0,0,test,ssim_real,0.3898857993124419,0.0809267783977405
comparison_8b0b8940ee,comparison,zero_filled,classical_cs,8,64,False,True,True,0.1,gaussian1d,0.5,mse_l1,40,0.0005,adam,0.0,0,test,ssim_imag,0.7000689712279012,0.0671686204860504
comparison_8b0b8940ee,comparison,zero_filled,classical_cs,8,64,False,True,True,0.1,gaussian1d,0.5,mse_l1,40,0.0005,adam,0.0,0,test,nmse,0.5957092581683123,0.0486751565861677
comparison_a60e640606,comparison,classical_cs,classical_cs,8,64,False,True,True,0.1,gaussian1d,0.5,mse_l1,40,0.0005,adam,0.0,1,val,psnr_real,33.14375865832749,1.9306777225899547
comparison_a60e640606,comparison,classical_cs,classical_cs,8,64,False,True,True,0.1,gaussian1d,0.5,mse_l1,40,0.0005,adam,0.0,1,val,psnr_imag,40.67528031414884,1.7539088182453386
comparison_a60e640606,comparison,classical_cs,classical_cs,8,64,False,True,True,0.1,gaussian1d,0.5,mse_l1,40,0.0005,adam,0.0,1,val,ssim_real,0.7796251141701461,0.0381304560836032
comparison_a60e640606,comparison,classical_cs,classical_cs,8,64,False,True,True,0.1,gaussian1d,0.5,mse_l1,40,0.0005,adam,0.0,1,val,ssim_imag,0.8624817007269889,0.0442810957074838
comparison_a60e640606,comparison,classical_cs,classical_cs,8,64,False,True,True,0.1,gaussian1d,0.5,mse_l1,40,0.0005,adam,0.0,1,val,nmse,0.0592929711973679,0.014637073005415
comparison_a60e640606,comparison,classical_cs,classical_cs,8,64,False,True,True,0.1,gaussian1d,0.5,mse_l1,40,0.0005,adam,0.0,1,test,psnr_real,33.21257316717044,1.881138114919092
comparison_a60e640606,comparison,classical_cs,classical_cs,8,64,False,True,True,0.1,gaussian1d,0.5,mse_l1,40,0.0005,adam,0.0,1,test,psnr_imag,40.69300859842341,1.7126532265907513
comparison_a60e640606,comparison,classical_cs,classical_cs,8,64,False,True,True,0.1,gaussian1d,0.5,mse_l1,40,0.0005,adam,0.0,1,test,ssim_real,0.7811681023452073,0.0381009818380237
comparison_a60e640606,comparison,classical_cs,classical_cs,8,64,False,True,True,0.1,gaussian1d,0.5,mse_l1,40,0.0005,adam,0.0,1,test,ssim_imag,0.8639647678850086,0.0425542596551042
comparison_a60e640606,comparison,classical_cs,classical_cs,8,64,False,True,True,0.1,gaussian1d,0.5,mse_l1,40,0.0005,adam,0.0,1,test,nmse,0.0578290997112021,0.0136029234617192
comparison_a60e640606,comparison,zero_filled,classical_cs,8,64,False,True,True,0.1,gaussian1d,0.5,mse_l1,40,0.0005,adam,0.0,1,test,psnr_real,33.39470595994255,2.0012868371875774
comparison_a60e640606,comparison,zero_filled,classical_cs,8,64,False,True,True,0.1,gaussian1d,0.5,mse_l1,40,0.0005,adam,0.0,1,test,psnr_imag,41.02726333011643,1.993905697118416
comparison_a60e640606,comparison,zero_filled,classical_cs,8,64,False,True,True,0.1,gaussian1d,0.5,mse_l1,40,0.0005,adam,0.0,1,test,ssim_real,0.7870157321127887,0.0389991792386314
comparison_a60e640606,comparison,zero_filled,classical_cs,8,64,False,True,True,0.1,gaussian1d,0.5,mse_l1,40,0.0005,adam,0.0,1,test,ssim_imag,0.8657021606068233,0.0491174060866218
comparison_a60e640606,comparison,zero_filled,classical_cs,8,64,False,True,True,0.1,gaussian1d,0.5,mse_l1,40,0.0005,adam,0.0,1,test,nmse,0.0559955155827635,0.0163208488571595
comparison_383ceed434,comparison,classical_cs,classical_cs,8,64,False,True,True,0.1,gaussian1d,0.5,mse_l1,40,0.0005,adam,0.0,2,val,psnr_real,22.606654129346875,2.0204771785436804
comparison_383ceed434,comparison,classical_cs,classical_cs,8,64,False,True,True,0.1,gaussian1d,0.5,mse_l1,40,0.0005,adam,0.0,2,val,psnr_imag,36.72205347208489,1.83253523329908
comparison_383ceed434,comparison,classical_cs,classical_cs,8,64,False,True,True,0.1,gaussian1d,0.5,mse_l1,40,0.0005,adam,0.0,2,val,ssim_real,0.3895023271037044,0.064060808801461
comparison_383ceed434,comparison,classical_cs,classical_cs,8,64,False,True,True,0.1,gaussian1d,0.5,mse_l1,40,0.0005,adam,0.0,2,val,ssim_imag,0.5892292551680746,0.0791747953610601
comparison_383ceed434,comparison,classical_cs,classical_cs,8,64,False,True,True,0.1,gaussian1d,0.5,mse_l1,40,0.0005,adam,0.0,2,val,nmse,0.5756848371103561,0.0475450580621168
comparison_383ceed434,comparison,classical_cs,classical_cs,8,64,False,True,True,0.1,gaussian1d,0.5,mse_l1,40,0.0005,adam,0.0,2,test,psnr_real,22.55653726904961,1.8613309975090244
comparison_383ceed434,comparison,classical_cs,classical_cs,8,64,False,True,True,0.1,gaussian1d,0.5,mse_l1,40,0.0005,adam,0.0,2,test,psnr_imag,36.77036140952649,1.8009692716701249
comparison_383ceed434,comparison,classical_cs,classical_cs,8,64,False,True,True,0.1,gaussian1d,0.5,mse_l1,40,0.0005,adam,0.0,2,test,ssim_real,0.3942782738904574,0.0637532469370894
comparison_383ceed434,comparison,classical_cs,classical_cs,8,64,False,True,True,0.1,gaussian1d,0.5,mse_l1,40,0.0005,adam,0.0,2,test,ssim_imag,0.5920180054264588,0.0770692672697397
comparison_383ceed434,comparison,classical_cs,classical_cs,8,64,False,True,True,0.1,gaussian1d,0.5,mse_l1,40,0.0005,adam,0.0,2,test,nmse,0.5764402253358434,0.0450445747217992
comparison_383ceed434,comparison,zero_filled,classical_cs,8,64,False,True,True,0.1,gaussian1d,0.5,mse_l1,40,0.0005,adam,0.0,2,test,psnr_real,22.53609950971404,1.8550891853327487
comparison_383ceed434,comparison,zero_filled,classical_cs,8,64,False,True,True,0.1,gaussian1d,0.5,mse_l1,40,0.0005,adam,0.0,2,test,psnr_imag,36.623090560466174,1.838483113218013
comparison_383ceed434,comparison,zero_filled,classical_cs,8,64,False,True,True,0.1,gaussian1d,0.5,mse_l1,40,0.0005,adam,0.0,2,test,ssim_real,0.3951321247045465,0.0640086372480354
comparison_383ceed434,comparison,zero_filled,classical_cs,8,64,False,True,True,0.1,gaussian1d,0.5,mse_l1,40,0.0005,adam,0.0,2,test,ssim_imag,0.58755680295214,0.0787395437865174
comparison_383ceed434,comparison,zero_filled,classical_cs,8,64,False,True,True,0.1,gaussian1d,0.5,mse_l1,40,0.0005,adam,0.0,2,test,nmse,0.5800106986172529,0.0466101039300713
comparison_790999b44d,comparison,admmnet_softthresh,admmnet_softthresh,8,64,False,True,True,0.1,gaussian1d,0.2,mse_l1,40,0.0005,adam,0.0,0,val,psnr_real,39.046247502209496,1.945228969201088
comparison_790999b44d,comparison,admmnet_softthresh,admmnet_softthresh,8,64,False,True,True,0.1,gaussian1d,0.2,mse_l1,40,0.0005,adam,0.0,0,val,psnr_imag,54.38337457453782,1.9111518246274888
comparison_790999b44d,comparison,admmnet_softthresh,admmnet_softthresh,8,64,False,True,True,0.1,gaussian1d,0.2,mse_l1,40,0.0005,adam,0.0,0,val,ssim_real,0.953327629536328,0.0164296002080954
comparison_790999b44d,comparison,admmnet_softthresh,admmnet_softthresh,8,64,False,True,True,0.1,gaussian1d,0.2,mse_l1,40,0.0005,adam,0.0,0,val,ssim_imag,0.979904760149675,0.0109918961531895
comparison_790999b44d,comparison,admmnet_softthresh,admmnet_softthresh,8,64,False,True,True,0.1,gaussian1d,0.2,mse_l1,40,0.0005,adam,0.0,0,val,nmse,0.0144495605014746,0.0080436038310138
comparison_790999b44d,comparison,admmnet_softthresh,admmnet_softthresh,8,64,False,True,True,0.1,gaussian1d,0.2,mse_l1,40,0.0005,adam,0.0,0,test,psnr_real,39.22593546911264,1.8238236391026488
comparison_790999b44d,comparison,admmnet_softthresh,admmnet_softthresh,8,64,False,True,True,0.1,gaussian1d,0.2,mse_l1,40,0.0005,adam,0.0,0,test,psnr_imag,54.52088295365976,1.801397942726104
comparison_790999b44d,comparison,admmnet_softthresh,admmnet_softthresh,8,64,False,True,True,0.1,gaussian1d,0.2,mse_l1,40,0.0005,adam,0.0,0,test,ssim_real,0.9557201903484857,0.0142592007186739
comparison_790999b44d,comparison,admmnet_softthresh,admmnet_softthresh,8,64,False,True,True,0.1,gaussian1d,0.2,mse_l1,40,0.0005,adam,0.0,0,test,ssim_imag,0.9808770845874084,0.0089368280581568
comparison_790999b44d,comparison,admmnet_softthresh,admmnet_softthresh,8,64,False,True,True,0.1,gaussian1d,0.2,mse_l1,40,0.0005,adam,0.0,0,test,nmse,0.0135585000167628,0.0069380884015222
comparison_790999b44d,comparison,zero_filled,admmnet_softthresh,8,64,False,True,True,0.1,gaussian1d,0.2,mse_l1,40,0.0005,adam,0.0,0,test,psnr_real,21.50856849638488,1.8298294844806688
comparison_790999b44d,comparison,zero_filled,admmnet_softthresh,8,64,False,True,True,0.1,gaussian1d,0.2,mse_l1,40,0.0005,adam,0.0,0,test,psnr_imag,30.390463649478416,2.0871202317882243
comparison_790999b44d,comparison,zero_filled,admmnet_softthresh,8,64,False,True,True,0.1,gaussian1d,0.2,mse_l1,40,0.0005,adam,0.0,0,test,ssim_real,0.2971664050819984,0.0790501094279452
comparison_790999b44d,comparison,zero_filled,admmnet_softthresh,8,64,False,True,True,0.1,gaussian1d,0.2,mse_l1,40,0.0005,adam,0.0,0,test,ssim_imag,0.3492766627457351,0.0729403628103472
comparison_790999b44d,comparison,zero_filled,admmnet_softthresh,8,64,False,True,True,0.1,gaussian1d,0.2,mse_l1,40,0.0005,adam,0.0,0,test,nmse,0.7976990125169315,0.0262881442675602
comparison_c6bc24792b,comparison,admmnet_softthresh,admmnet_softthresh,8,64,False,True,True,0.1,gaussian1d,0.2,mse_l1,40,0.0005,adam,0.0,1,val,psnr_real,39.78501635652992,1.9863807414273047
comparison_c6bc24792b,comparison,admmnet_softthresh,admmnet_softthresh,8,64,False,True,True,0.1,gaussian1d,0.2,mse_l1,40,0.0005,adam,0.0,1,val,psnr_imag,60.42271388298784,1.5039658468734205
comparison_c6bc24792b,comparison,admmnet_softthresh,admmnet_softthresh,8,64,False,True,True,0.1,gaussian1d,0.2,mse_l1,40,0.0005,adam,0.0,1,val,ssim_real,0.9670243447409294,0.0130827633768522
comparison_c6bc24792b,comparison,admmnet_softthresh,admmnet_softthresh,8,64,False,True,True,0.1,gaussian1d,0.2,mse_l1,40,0.0005,adam,0.0,1,val,ssim_imag,0.9967923502832464,0.001308781075263
comparison_c6bc24792b,comparison,admmnet_softthresh,admmnet_softthresh,8,64,False,True,True,0.1,gaussian1d,0.2,mse_l1,40,0.0005,adam,0.0,1,val,nmse,0.012064481922085,0.0069227398757019
comparison_c6bc24792b,comparison,admmnet_softthresh,admmnet_softthresh,8,64,False,True,True,0.1,gaussian1d,0.2,mse_l1,40,0.0005,adam,0.0,1,test,psnr_real,39.92429109996333,1.90797945931108
comparison_c6bc24792b,comparison,admmnet_softthresh,admmnet_softthresh,8,64,False,True,True,0.1,gaussian1d,0.2,mse_l1,40,0.0005,adam,0.0,1,test,psnr_imag,60.46562530006824,1.4504183605553786
comparison_c6bc24792b,comparison,admmnet_softthresh,admmnet_softthresh,8,64,False,True,True,0.1,gaussian1d,0.2,mse_l1,40,0.0005,adam,0.0,1,test,ssim_real,0.9685955030149994,0.0113231928757908
comparison_c6bc24792b,comparison,admmnet_softthresh,admmnet_softthresh,8,64,False,True,True,0.1,gaussian1d,0.2,mse_l1,40,0.0005,adam,0.0,1,test,ssim_imag,0.996843927076172,0.0012100192724467
comparison_c6bc24792b,comparison,admmnet_softthresh,admmnet_softthresh,8,64,False,True,True,0.1,gaussian1d,0.2,mse_l1,40,0.0005,adam,0.0,1,test,nmse,0.0114050951482393,0.0059904436158676
comparison_c6bc24792b,comparison,zero_filled,admmnet_softthresh,8,64,False,True,True,0.1,gaussian1d,0.2,mse_l1,40,0.0005,adam,0.0,1,test,psnr_real,27.083906317355744,1.7942146610596017
comparison_c6bc24792b,comparison,zero_filled,admmnet_softthresh,8,64,False,True,True,0.1,gaussian1d,0.2,mse_l1,40,0.0005,adam,0.0,1,test,psnr_imag,30.839243198538423,2.148736220897032
comparison_c6bc24792b,comparison,zero_filled,admmnet_softthresh,8,64,False,True,True,0.1,gaussian1d,0.2,mse_l1,40,0.0005,adam,0.0,1,test,ssim_real,0.5495570241532066,0.0384941045018988
comparison_c6bc24792b,comparison,zero_filled,admmnet_softthresh,8,64,False,True,True,0.1,gaussian1d,0.2,mse_l1,40,0.0005,adam,0.0,1,test,ssim_imag,0.330610309310538,0.0654125475464479
comparison_c6bc24792b,comparison,zero_filled,admmnet_softthresh,8,64,False,True,True,0.1,gaussian1d,0.2,mse_l1,40,0.0005,adam,0.0,1,test,nmse,0.2797102745793853,0.0248478558062702
comparison_cb20c704ac,comparison,admmnet_softthresh,admmnet_softthresh,8,64,False,True,True,0.1,gaussian1d,0.2,mse_l1,40,0.0005,adam,0.0,2,val,psnr_real,33.272955215549665,2.200211319423943
comparison_cb20c704ac,comparison,admmnet_softthresh,admmnet_softthresh,8,64,False,True,True,0.1,gaussian1d,0.2,mse_l1,40,0.0005,adam,0.0,2,val,psnr_imag,47.46212102774538,1.954797689629024
comparison_cb20c704ac,comparison,admmnet_softthresh,admmnet_softthresh,8,64,False,True,True,0.1,gaussian1d,0.2,mse_l1,40,0.0005,adam,0.0,2,val,ssim_real,0.8445929545201439,0.0412194184923747
comparison_cb20c704ac,comparison,admmnet_softthresh,admmnet_softthresh,8,64,False,True,True,0.1,gaussian1d,0.2,mse_l1,40,0.0005,adam,0.0,2,val,ssim_imag,0.9611361273146372,0.0139484771189383
comparison_cb20c704ac,comparison,admmnet_softthresh,admmnet_softthresh,8,64,False,True,True,0.1,gaussian1d,0.2,mse_l1,40,0.0005,adam,0.0,2,val,nmse,0.0551064957500997,0.0341900427934265
comparison_cb20c704ac,comparison,admmnet_softthresh,admmnet_softthresh,8,64,False,True,True,0.1,gaussian1d,0.2,mse_l1,40,0.0005,adam,0.0,2,test,psnr_real,33.34062968138372,2.066530392003445
comparison_cb20c704ac,comparison,admmnet_softthresh,admmnet_softthresh,8,64,False,True,True,0.1,gaussian1d,0.2,mse_l1,40,0.0005,adam,0.0,2,test,psnr_imag,47.51437188790932,1.9567051633273247
comparison_cb20c704ac,comparison,admmnet_softthresh,admmnet_softthresh,8,64,False,True,True,0.1,gaussian1d,0.2,mse_l1,40,0.0005,adam,0.0,2,test,ssim_real,0.848636404739763,0.0384337884582905
comparison_cb20c704ac,comparison,admmnet_softthresh,admmnet_softthresh,8,64,False,True,True,0.1,gaussian1d,0.2,mse_l1,40,0.0005,adam,0.0,2,test,ssim_imag,0.9618385368061864,0.0136805675659144
comparison_cb20c704ac,comparison,admmnet_softthresh,admmnet_softthresh,8,64,False,True,True,0.1,gaussian1d,0.2,mse_l1,40,0.0005,adam,0.0,2,test,nmse,0.0519862637531682,0.0254002882806572
comparison_cb20c704ac,comparison,zero_filled,admmnet_softthresh,8,64,False,True,True,0.1,gaussian1d,0.2,mse_l1,40,0.0005,adam,0.0,2,test,psnr_real,20.22555370011589,1.889175777325092
comparison_cb20c704ac,comparison,zero_filled,admmnet_softthresh,8,64,False,True,True,0.1,gaussian1d,0.2,mse_l1,40,0.0005,adam,0.0,2,test,psnr_imag,40.40457013660894,1.997788508077676
comparison_cb20c704ac,comparison,zero_filled,admmnet_softthresh,8,64,False,True,True,0.1,gaussian1d,0.2,mse_l1,40,0.0005,adam,0.0,2,test,ssim_real,0.3136392852377193,0.0813966035904043
comparison_cb20c704ac,comparison,zero_filled,admmnet_softthresh,8,64,False,True,True,0.1,gaussian1d,0.2,mse_l1,40,0.0005,adam,0.0,2,test,ssim_imag,0.8120117357086437,0.0608396214849232
comparison_cb20c704ac,comparison,zero_filled,admmnet_softthresh,8,64,False,True,True,0.1,gaussian1d,0.2,mse_l1,40,0.0005,adam,0.0,2,test,nmse,0.9564093487282678,0.0161434595237574
comparison_d347ec7a7f,comparison,admmnet_softthresh,admmnet_softthresh,8,64,False,True,True,0.1,gaussian1d,0.3,mse_l1,40,0.0005,adam,0.0,0,val,psnr_real,40.35758794573504,2.0734412032268885
comparison_d347ec7a7f,comparison,admmnet_softthresh,admmnet_softthresh,8,64,False,True,True,0.1,gaussian1d,0.3,mse_l1,40,0.0005,adam,0.0,0,val,psnr_imag,51.56928536687863,1.8192120296322944
comparison_d347ec7a7f,comparison,admmnet_softthresh,admmnet_softthresh,8,64,False,True,True,0.1,gaussian1d,0.3,mse_l1,40,0.0005,adam,0.0,0,val,ssim_real,0.9604647784243048,0.0149912249953499
comparison_d347ec7a7f,comparison,admmnet_softthresh,admmnet_softthresh,8,64,False,True,True,0.1,gaussian1d,0.3,mse_l1,40,0.0005,adam,0.0,0,val,ssim_imag,0.9720944410077216,0.0172866933051268
comparison_d347ec7a7f,comparison,admmnet_softthresh,admmnet_softthresh,8,64,False,True,True,0.1,gaussian1d,0.3,mse_l1,40,0.0005,adam,0.0,0,val,nmse,0.0111515668603846,0.0059472240102899
comparison_d347ec7a7f,comparison,admmnet_softthresh,admmnet_softthresh,8,64,False,True,True,0.1,gaussian1d,0.3,mse_l1,40,0.0005,adam,0.0,0,test,psnr_real,40.50579958480771,1.93361542780901
comparison_d347ec7a7f,comparison,admmnet_softthresh,admmnet_softthresh,8,64,False,True,True,0.1,gaussian1d,0.3,mse_l1,40,0.0005,adam,0.0,0,test,psnr_imag,51.684863940442455,1.7121222454173557
comparison_d347ec7a7f,comparison,admmnet_softthresh,admmnet_softthresh,8,64,False,True,True,0.1,gaussian1d,0.3,mse_l1,40,0.0005,adam,0.0,0,test,ssim_real,0.962110767429344,0.0132777902988709
comparison_d347ec7a7f,comparison,admmnet_softthresh,admmnet_softthresh,8,64,False,True,True,0.1,gaussian1d,0.3,mse_l1,40,0.0005,adam,0.0,0,test,ssim_imag,0.9733841263350084,0.0142621294092371
comparison_d347ec7a7f,comparison,admmnet_softthresh,admmnet_softthresh,8,64,False,True,True,0.1,gaussian1d,0.3,mse_l1,40,0.0005,adam,0.0,0,test,nmse,0.0105410239135137,0.0052449185998228
comparison_d347ec7a7f,comparison,zero_filled,admmnet_softthresh,8,64,False,True,True,0.1,gaussian1d,0.3,mse_l1,40,0.0005,adam,0.0,0,test,psnr_real,21.60755972682681,1.8443774653523937
comparison_d347ec7a7f,comparison,zero_filled,admmnet_softthresh,8,64,False,True,True,0.1,gaussian1d,0.3,mse_l1,40,0.0005,adam,0.0,0,test,psnr_imag,30.377767107975533,2.0848292233403383
comparison_d347ec7a7f,comparison,zero_filled,admmnet_softthresh,8,64,False,True,True,0.1,gaussian1d,0.3,mse_l1,40,0.0005,adam,0.0,0,test,ssim_real,0.3017083461158694,0.0797648775165876
comparison_d347ec7a7f,comparison,zero_filled,admmnet_softthresh,8,64,False,True,True,0.1,gaussian1d,0.3,mse_l1,40,0.0005,adam,0.0,0,test,ssim_imag,0.3461612068023142,0.0740118258339385
comparison_d347ec7a7f,comparison,zero_filled,admmnet_softthresh,8,64,False,True,True,0.1,gaussian1d,0.3,mse_l1,40,0.0005,adam,0.0,0,test,nmse,0.7820399040706986,0.025187587939406
comparison_fa179015cb,comparison,admmnet_softthresh,admmnet_softthresh,8,64,False,True,True,0.1,gaussian1d,0.3,mse_l1,40,0.0005,adam,0.0,1,val,psnr_real,45.68748141231019,1.941014963816189
comparison_fa179015cb,comparison,admmnet_softthresh,admmnet_softthresh,8,64,False,True,True,0.1,gaussian1d,0.3,mse_l1,40,0.0005,adam,0.0,1,val,psnr_imag,68.40768585523634,1.4687768658854825
comparison_fa179015cb,comparison,admmnet_softthresh,admmnet_softthresh,8,64,False,True,True,0.1,gaussian1d,0.3,mse_l1,40,0.0005,adam,0.0,1,val,ssim_real,0.9894480874493624,0.0042187812712164
comparison_fa179015cb,comparison,admmnet_softthresh,admmnet_softthresh,8,64,False,True,True,0.1,gaussian1d,0.3,mse_l1,40,0.0005,adam,0.0,1,val,ssim_imag,0.9996231197066496,0.0001268540032648
comparison_fa179015cb,comparison,admmnet_softthresh,admmnet_softthresh,8,64,False,True,True,0.1,gaussian1d,0.3,mse_l1,40,0.0005,adam,0.0,1,val,nmse,0.0031275091207214,0.0019673312204515
comparison_fa179015cb,comparison,admmnet_softthresh,admmnet_softthresh,8,64,False,True,True,0.1,gaussian1d,0.3,mse_l1,40,0.0005,adam,0.0,1,test,psnr_real,45.810672664243306,1.890127495369745
comparison_fa179015cb,comparison,admmnet_softthresh,admmnet_softthresh,8,64,False,True,True,0.1,gaussian1d,0.3,mse_l1,40,0.0005,adam,0.0,1,test,psnr_imag,68.49770529200343,1.3974831201971518
comparison_fa179015cb,comparison,admmnet_softthresh,admmnet_softthresh,8,64,False,True,True,0.1,gaussian1d,0.3,mse_l1,40,0.0005,adam,0.0,1,test,ssim_real,0.9899230852536076,0.0038836682616776
comparison_fa179015cb,comparison,admmnet_softthresh,admmnet_softthresh,8,64,False,True,True,0.1,gaussian1d,0.3,mse_l1,40,0.0005,adam,0.0,1,test,ssim_imag,0.9996330376449488,0.0001128972600695
comparison_fa179015cb,comparison,admmnet_softthresh,admmnet_softthresh,8,64,False,True,True,0.1,gaussian1d,0.3,mse_l1,40,0.0005,adam,0.0,1,test,nmse,0.0029913844751626,0.0018208289505893
comparison_fa179015cb,comparison,zero_filled,admmnet_softthresh,8,64,False,True,True,0.1,gaussian1d,0.3,mse_l1,40,0.0005,adam,0.0,1,test,psnr_real,28.012580544379965,1.805416067499424
comparison_fa179015cb,comparison,zero_filled,admmnet_softthresh,8,64,False,True,True,0.1,gaussian1d,0.3,mse_l1,40,0.0005,adam,0.0,1,test,psnr_imag,30.519092192709696,2.0670281120861884
comparison_fa179015cb,comparison,zero_filled,admmnet_softthresh,8,64,False,True,True,0.1,gaussian1d,0.3,mse_l1,40,0.0005,adam,0.0,1,test,ssim_real,0.6079901691261196,0.0357189840679169
comparison_fa179015cb,comparison,zero_filled,admmnet_softthresh,8,64,False,True,True,0.1,gaussian1d,0.3,mse_l1,40,0.0005,adam,0.0,1,test,ssim_imag,0.3395621475128449,0.0603143959439115
comparison_fa179015cb,comparison,zero_filled,admmnet_softthresh,8,64,False,True,True,0.1,gaussian1d,0.3,mse_l1,40,0.0005,adam,0.0,1,test,nmse,0.2476196529102126,0.0190687829224098
comparison_dec76c84c7,comparison,admmnet_softthresh,admmnet_softthresh,8,64,False,True,True,0.1,gaussian1d,0.3,mse_l1,40,0.0005,adam,0.0,2,val,psnr_real,34.799973330567425,2.006005384225937
comparison_dec76c84c7,comparison,admmnet_softthresh,admmnet_softthresh,8,64,False,True,True,0.1,gaussian1d,0.3,mse_l1,40,0.0005,adam,0.0,2,val,psnr_imag,47.04692050559536,2.5495718949781465
comparison_dec76c84c7,comparison,admmnet_softthresh,admmnet_softthresh,8,64,False,True,True,0.1,gaussian1d,0.3,mse_l1,40,0.0005,adam,0.0,2,val,ssim_real,0.8919374055553827,0.0289650170567728
comparison_dec76c84c7,comparison,admmnet_softthresh,admmnet_softthresh,8,64,False,True,True,0.1,gaussian1d,0.3,mse_l1,40,0.0005,adam,0.0,2,val,ssim_imag,0.9510187363574798,0.0193771814131723
comparison_dec76c84c7,comparison,admmnet_softthresh,admmnet_softthresh,8,64,False,True,True,0.1,gaussian1d,0.3,mse_l1,40,0.0005,adam,0.0,2,val,nmse,0.0403845722870687,0.0274723375824437
comparison_dec76c84c7,comparison,admmnet_softthresh,admmnet_softthresh,8,64,False,True,True,0.1,gaussian1d,0.3,mse_l1,40,0.0005,adam,0.0,2,test,psnr_real,34.83914247616564,1.9695558523864416
comparison_dec76c84c7,comparison,admmnet_softthresh,admmnet_softthresh,8,64,False,True,True,0.1,gaussian1d,0.3,mse_l1,40,0.0005,adam,0.0,2,test,psnr_imag,47.14804859241183,2.568374483888117
comparison_dec76c84c7,comparison,admmnet_softthresh,admmnet_softthresh,8,64,False,True,True,0.1,gaussian1d,0.3,mse_l1,40,0.0005,adam,0.0,2,test,ssim_real,0.8948523987037866,0.0258738090019932
comparison_dec76c84c7,comparison,admmnet_softthresh,admmnet_softthresh,8,64,False,True,True,0.1,gaussian1d,0.3,mse_l1,40,0.0005,adam,0.0,2,test,ssim_imag,0.952167129167453,0.0186726839597706
comparison_dec76c84c7,comparison,admmnet_softthresh,admmnet_softthresh,8,64,False,True,True,0.1,gaussian1d,0.3,mse_l1,40,0.0005,adam,0.0,2,test,nmse,0.0385572896280548,0.0224648921496796
comparison_dec76c84c7,comparison,zero_filled,admmnet_softthresh,8,64,False,True,True,0.1,gaussian1d,0.3,mse_l1,40,0.0005,adam,0.0,2,test,psnr_real,20.31666323530125,1.906408817830625
comparison_dec76c84c7,comparison,zero_filled,admmnet_softthresh,8,64,False,True,True,0.1,gaussian1d,0.3,mse_l1,40,0.0005,adam,0.0,2,test,psnr_imag,39.97213393175452,1.983742244492961
comparison_dec76c84c7,comparison,zero_filled,admmnet_softthresh,8,64,False,True,True,0.1,gaussian1d,0.3,mse_l1,40,0.0005,adam,0.0,2,test,ssim_real,0.2990117853343736,0.0846932566866857
comparison_dec76c84c7,comparison,zero_filled,admmnet_softthresh,8,64,False,True,True,0.1,gaussian1d,0.3,mse_l1,40,0.0005,adam,0.0,2,test,ssim_imag,0.8208317710515346,0.0608276045308018
comparison_dec76c84c7,comparison,zero_filled,admmnet_softthresh,8,64,False,True,True,0.1,gaussian1d,0.3,mse_l1,40,0.0005,adam,0.0,2,test,nmse,0.9379940850964152,0.0237486553386381
comparison_e7a0b627da,comparison,admmnet_softthresh,admmnet_softthresh,8,64,False,True,True,0.1,gaussian1d,0.5,mse_l1,40,0.0005,adam,0.0,0,val,psnr_real,46.12941941040294,2.1381598511303777
comparison_e7a0b627da,comparison,admmnet_softthresh,admmnet_softthresh,8,64,False,True,True,0.1,gaussian1d,0.5,mse_l1,40,0.0005,adam,0.0,0,val,psnr_imag,52.55316940180195,2.2243622686810243
comparison_e7a0b627da,comparison,admmnet_softthresh,admmnet_softthresh,8,64,False,True,True,0.1,gaussian1d,0.5,mse_l1,40,0.0005,adam,0.0,0,val,ssim_real,0.986197715885704,0.0054178124668452
comparison_e7a0b627da,comparison,admmnet_softthresh,admmnet_softthresh,8,64,False,True,True,0.1,gaussian1d,0.5,mse_l1,40,0.0005,adam,0.0,0,val,ssim_imag,0.9682831575079104,0.0227135569244196
comparison_e7a0b627da,comparison,admmnet_softthresh,admmnet_softthresh,8,64,False,True,True,0.1,gaussian1d,0.5,mse_l1,40,0.0005,adam,0.0,0,val,nmse,0.0033688640621994,0.0018314299277863
comparison_e7a0b627da,comparison,admmnet_softthresh,admmnet_softthresh,8,64,False,True,True,0.1,gaussian1d,0.5,mse_l1,40,0.0005,adam,0.0,0,test,psnr_real,46.23438984380108,1.975989960471073
comparison_e7a0b627da,comparison,admmnet_softthresh,admmnet_softthresh,8,64,False,True,True,0.1,gaussian1d,0.5,mse_l1,40,0.0005,adam,0.0,0,test,psnr_imag,52.644719518876975,2.080751314865191
comparison_e7a0b627da,comparison,admmnet_softthresh,admmnet_softthresh,8,64,False,True,True,0.1,gaussian1d,0.5,mse_l1,40,0.0005,adam,0.0,0,test,ssim_real,0.9866957794173492,0.0049652393646385
comparison_e7a0b627da,comparison,admmnet_softthresh,admmnet_softthresh,8,64,False,True,True,0.1,gaussian1d,0.5,mse_l1,40,0.0005,adam,0.0,0,test,ssim_imag,0.9696321216836634,0.0182190418780905
comparison_e7a0b627da,comparison,admmnet_softthresh,admmnet_softthresh,8,64,False,True,True,0.1,gaussian1d,0.5,mse_l1,40,0.0005,adam,0.0,0,test,nmse,0.0031880203816673,0.0014925222637434
comparison_e7a0b627da,comparison,zero_filled,admmnet_softthresh,8,64,False,True,True,0.1,gaussian1d,0.5,mse_l1,40,0.0005,adam,0.0,0,test,psnr_real,22.37435620599212,1.8588045648608604
comparison_e7a0b627da,comparison,zero_filled,admmnet_softthresh,8,64,False,True,True,0.1,gaussian1d,0.5,mse_l1,40,0.0005,adam,0.0,0,test,psnr_imag,37.945002049082994,1.839244194504744
comparison_e7a0b627da,comparison,zero_filled,admmnet_softthresh,8,64,False,True,True,0.1,gaussian1d,0.5,mse_l1,40,0.0005,adam,0.0,0,test,ssim_real,0.3898857993124419,0.0809267783977405
comparison_e7a0b627da,comparison,zero_filled,admmnet_softthresh,8,64,False,True,True,0.1,gaussian1d,0.5,mse_l1,40,0.0005,adam,0.0,0,test,ssim_imag,0.7000689712279012,0.0671686204860504
comparison_e7a0b627da,comparison,zero_filled,admmnet_softthresh,8,64,False,True,True,0.1,gaussian1d,0.5,mse_l1,40,0.0005,adam,0.0,0,test,nmse,0.5957092581683123,0.0486751565861677
comparison_7e02f8e7e0,comparison,admmnet_softthresh,admmnet_softthresh,8,64,False,True,True,0.1,gaussian1d,0.5,mse_l1,40,0.0005,adam,0.0,1,val,psnr_real,50.22005195060204,1.9897017415668787
comparison_7e02f8e7e0,comparison,admmnet_softthresh,admmnet_softthresh,8,64,False,True,True,0.1,gaussian1d,0.5,mse_l1,40,0.0005,adam,0.0,1,val,psnr_imag,75.11616020760108,2.4762938456415378
comparison_7e02f8e7e0,comparison,admmnet_softthresh,admmnet_softthresh,8,64,False,True,True,0.1,gaussian1d,0.5,mse_l1,40,0.0005,adam,0.0,1,val,ssim_real,0.9960474758904762,0.0016583328960468
comparison_7e02f8e7e0,comparison,admmnet_softthresh,admmnet_softthresh,8,64,False,True,True,0.1,gaussian1d,0.5,mse_l1,40,0.0005,adam,0.0,1,val,ssim_imag,0.999935874859326,4.672948105962158e-05
comparison_7e02f8e7e0,comparison,admmnet_softthresh,admmnet_softthresh,8,64,False,True,True,0.1,gaussian1d,0.5,mse_l1,40,0.0005,adam,0.0,1,val,nmse,0.0011167806447561,0.0007477092945959
comparison_7e02f8e7e0,comparison,admmnet_softthresh,admmnet_softthresh,8,64,False,True,True,0.1,gaussian1d,0.5,mse_l1,40,0.0005,adam,0.0,1,test,psnr_real,50.31060126236792,1.9909280489691727
comparison_7e02f8e7e0,comparison,admmnet_softthresh,admmnet_softthresh,8,64,False,True,True,0.1,gaussian1d,0.5,mse_l1,40,0.0005,adam,0.0,1,test,psnr_imag,75.34345173536484,2.364661147854487
comparison_7e02f8e7e0,comparison,admmnet_softthresh,admmnet_softthresh,8,64,False,True,True,0.1,gaussian1d,0.5,mse_l1,40,0.0005,adam,0.0,1,test,ssim_real,0.9961574669911772,0.0016286471416593
comparison_7e02f8e7e0,comparison,admmnet_softthresh,admmnet_softthresh,8,64,False,True,True,0.1,gaussian1d,0.5,mse_l1,40,0.0005,adam,0.0,1,test,ssim_imag,0.999939199396756,4.8646271998330815e-05
comparison_7e02f8e7e0,comparison,admmnet_softthresh,admmnet_softthresh,8,64,False,True,True,0.1,gaussian1d,0.5,mse_l1,40,0.0005,adam,0.0,1,test,nmse,0.0010782714654174,0.0007167307269083
comparison_7e02f8e7e0,comparison,zero_filled,admmnet_softthresh,8,64,False,True,True,0.1,gaussian1d,0.5,mse_l1,40,0.0005,adam,0.0,1,test,psnr_real,33.39470595994255,2.0012868371875774
comparison_7e02f8e7e0,comparison,zero_filled,admmnet_softthresh,8,64,False,True,True,0.1,gaussian1d,0.5,mse_l1,40,0.0005,adam,0.0,1,test,psnr_imag,41.02726333011643,1.993905697118416
comparison_7e02f8e7e0,comparison,zero_filled,admmnet_softthresh,8,64,False,True,True,0.1,gaussian1d,0.5,mse_l1,40,0.0005,adam,0.0,1,test,ssim_real,0.7870157321127887,0.0389991792386314
comparison_7e02f8e7e0,comparison,zero_filled,admmnet_softthresh,8,64,False,True,True,0.1,gaussian1d,0.5,mse_l1,40,0.0005,adam,0.0,1,test,ssim_imag,0.8657021606068233,0.0491174060866218
comparison_7e02f8e7e0,comparison,zero_filled,admmnet_softthresh,8,64,False,True,True,0.1,gaussian1d,0.5,mse_l1,40,0.0005,adam,0.0,1,test,nmse,0.0559955155827635,0.0163208488571595
comparison_610cf68383,comparison,admmnet_softthresh,admmnet_softthresh,8,64,False,True,True,0.1,gaussian1d,0.5,mse_l1,40,0.0005,adam,0.0,2,val,psnr_real,47.71968591486985,1.858630455333796
comparison_610cf68383,comparison,admmnet_softthresh,admmnet_softthresh,8,64,False,True,True,0.1,gaussian1d,0.5,mse_l1,40,0.0005,adam,0.0,2,val,psnr_imag,53.91216337008864,1.5504003626658935
comparison_610cf68383,comparison,admmnet_softthresh,admmnet_softthresh,8,64,False,True,True,0.1,gaussian1d,0.5,mse_l1,40,0.0005,adam,0.0,2,val,ssim_real,0.9920993098884135,0.004805555177127
comparison_610cf68383,comparison,admmnet_softthresh,admmnet_softthresh,8,64,False,True,True,0.1,gaussian1d,0.5,mse_l1,40,0.0005,adam,0.0,2,val,ssim_imag,0.9857437752482786,0.006493086884078
comparison_610cf68383,comparison,admmnet_softthresh,admmnet_softthresh,8,64,False,True,True,0.1,gaussian1d,0.5,mse_l1,40,0.0005,adam,0.0,2,val,nmse,0.0025297401290404,0.0022813914582717
comparison_610cf68383,comparison,admmnet_softthresh,admmnet_softthresh,8,64,False,True,True,0.1,gaussian1d,0.5,mse_l1,40,0.0005,adam,0.0,2,test,psnr_real,47.88025468163909,1.805089165004209
comparison_610cf68383,comparison,admmnet_softthresh,admmnet_softthresh,8,64,False,True,True,0.1,gaussian1d,0.5,mse_l1,40,0.0005,adam,0.0,2,test,psnr_imag,54.05024599530208,1.4675977137927323
comparison_610cf68383,comparison,admmnet_softthresh,admmnet_softthresh,8,64,False,True,True,0.1,gaussian1d,0.5,mse_l1,40,0.0005,adam,0.0,2,test,ssim_real,0.9926648381863676,0.00351923069504
comparison_610cf68383,comparison,admmnet_softthresh,admmnet_softthresh,8,64,False,True,True,0.1,gaussian1d,0.5,mse_l1,40,0.0005,adam,0.0,2,test,ssim_imag,0.9865596112347048,0.0052434098563163
comparison_610cf68383,comparison,admmnet_softthresh,admmnet_softthresh,8,64,False,True,True,0.1,gaussian1d,0.5,mse_l1,40,0.0005,adam,0.0,2,test,nmse,0.0023192490100817,0.0016101089115472
comparison_610cf68383,comparison,zero_filled,admmnet_softthresh,8,64,False,True,True,0.1,gaussian1d,0.5,mse_l1,40,0.0005,adam,0.0,2,test,psnr_real,22.53609950971404,1.8550891853327487
comparison_610cf68383,comparison,zero_filled,admmnet_softthresh,8,64,False,True,True,0.1,gaussian1d,0.5,mse_l1,40,0.0005,adam,0.0,2,test,psnr_imag,36.623090560466174,1.838483113218013
comparison_610cf68383,comparison,zero_filled,admmnet_softthresh,8,64,False,True,True,0.1,gaussian1d,0.5,mse_l1,40,0.0005,adam,0.0,2,test,ssim_real,0.3951321247045465,0.0640086372480354
comparison_610cf68383,comparison,zero_filled,admmnet_softthresh,8,64,False,True,True,0.1,gaussian1d,0.5,mse_l1,40,0.0005,adam,0.0,2,test,ssim_imag,0.58755680295214,0.0787395437865174
comparison_610cf68383,comparison,zero_filled,admmnet_softthresh,8,64,False,True,True,0.1,gaussian1d,0.5,mse_l1,40,0.0005,adam,0.0,2,test,nmse,0.5800106986172529,0.0466101039300713
depth_sweep_9a2a6aaf84,depth_sweep,admmnet_softthresh,admmnet_softthresh,1,64,False,True,True,0.1,gaussian1d,0.3,mse_l1,40,0.0005,adam,0.0,0,val,psnr_real,36.61771354595654,1.8571815734313943
depth_sweep_9a2a6aaf84,depth_sweep,admmnet_softthresh,admmnet_softthresh,1,64,False,True,True,0.1,gaussian1d,0.3,mse_l1,40,0.0005,adam,0.0,0,val,psnr_imag,46.01088111734092,1.4536197052244288
depth_sweep_9a2a6aaf84,depth_sweep,admmnet_softthresh,admmnet_softthresh,1,64,False,True,True,0.1,gaussian1d,0.3,mse_l1,40,0.0005,adam,0.0,0,val,ssim_real,0.9040390172183886,0.026085946742789
depth_sweep_9a2a6aaf84,depth_sweep,admmnet_softthresh,admmnet_softthresh,1,64,False,True,True,0.1,gaussian1d,0.3,mse_l1,40,0.0005,adam,0.0,0,val,ssim_imag,0.9085637326031488,0.0325431351428038
depth_sweep_9a2a6aaf84,depth_sweep,admmnet_softthresh,admmnet_softthresh,1,64,False,True,True,0.1,gaussian1d,0.3,mse_l1,40,0.0005,adam,0.0,0,val,nmse,0.0270501200016393,0.0138230599809997
depth_sweep_9a2a6aaf84,depth_sweep,admmnet_softthresh,admmnet_softthresh,1,64,False,True,True,0.1,gaussian1d,0.3,mse_l1,40,0.0005,adam,0.0,0,test,psnr_real,36.74217587235582,1.6677698013325477
depth_sweep_9a2a6aaf84,depth_sweep,admmnet_softthresh,admmnet_softthresh,1,64,False,True,True,0.1,gaussian1d,0.3,mse_l1,40,0.0005,adam,0.0,0,test,psnr_imag,46.08861996638725,1.3569836969598612
depth_sweep_9a2a6aaf84,depth_sweep,admmnet_softthresh,admmnet_softthresh,1,64,False,True,True,0.1,gaussian1d,0.3,mse_l1,40,0.0005,adam,0.0,0,test,ssim_real,0.906101424823745,0.0241539998212055
depth_sweep_9a2a6aaf84,depth_sweep,admmnet_softthresh,admmnet_softthresh,1,64,False,True,True,0.1,gaussian1d,0.3,mse_l1,40,0.0005,adam,0.0,0,test,ssim_imag,0.910570077566921,0.0278393356240792
depth_sweep_9a2a6aaf84,depth_sweep,admmnet_softthresh,admmnet_softthresh,1,64,False,True,True,0.1,gaussian1d,0.3,mse_l1,40,0.0005,adam,0.0,0,test,nmse,0.0259159363720519,0.0125764060020315
depth_sweep_9a2a6aaf84,depth_sweep,zero_filled,admmnet_softthresh,1,64,False,True,True,0.1,gaussian1d,0.3,mse_l1,40,0.0005,adam,0.0,0,test,psnr_real,21.60755972682681,1.8443774653523937
depth_sweep_9a2a6aaf84,depth_sweep,zero_filled,admmnet_softthresh,1,64,False,True,True,0.1,gaussian1d,0.3,mse_l1,40,0.0005,adam,0.0,0,test,psnr_imag,30.377767107975533,2.0848292233403383
depth_sweep_9a2a6aaf84,depth_sweep,zero_filled,admmnet_softthresh,1,64,False,True,True,0.1,gaussian1d,0.3,mse_l1,40,0.0005,adam,0.0,0,test,ssim_real,0.3017083461158694,0.0797648775165876
depth_sweep_9a2a6aaf84,depth_sweep,zero_filled,admmnet_softthresh,1,64,False,True,True,0.1,gaussian1d,0.3,mse_l1,40,0.0005,adam,0.0,0,test,ssim_imag,0.3461612068023142,0.0740118258339385
depth_sweep_9a2a6aaf84,depth_sweep,zero_filled,admmnet_softthresh,1,64,False,True,True,0.1,gaussian1d,0.3,mse_l1,40,0.0005,adam,0.0,0,test,nmse,0.7820399040706986,0.025187587939406
depth_sweep_a68185d620,depth_sweep,admmnet_softthresh,admmnet_softthresh,1,64,False,True,True,0.1,gaussian1d,0.3,mse_l1,100,0.0005,adam,0.0,0,val,psnr_real,36.97798690318066,1.8943654497525049
depth_sweep_a68185d620,depth_sweep,admmnet_softthresh,admmnet_softthresh,1,64,False,True,True,0.1,gaussian1d,0.3,mse_l1,100,0.0005,adam,0.0,0,val,psnr_imag,46.30814146547576,1.5136052397955797
depth_sweep_a68185d620,depth_sweep,admmnet_softthresh,admmnet_softthresh,1,64,False,True,True,0.1,gaussian1d,0.3,mse_l1,100,0.0005,adam,0.0,0,val,ssim_real,0.9110515729868336,0.0249084898132953
depth_sweep_a68185d620,depth_sweep,admmnet_softthresh,admmnet_softthresh,1,64,False,True,True,0.1,gaussian1d,0.3,mse_l1,100,0.0005,adam,0.0,0,val,ssim_imag,0.9138958903344538,0.0322108104146791
depth_sweep_a68185d620,depth_sweep,admmnet_softthresh,admmnet_softthresh,1,64,False,True,True,0.1,gaussian1d,0.3,mse_l1,100,0.0005,adam,0.0,0,val,nmse,0.0247658132176869,0.0120191749110175
depth_sweep_a68185d620,depth_sweep,admmnet_softthresh,admmnet_softthresh,1,64,False,True,True,0.1,gaussian1d,0.3,mse_l1,100,0.0005,adam,0.0,0,test,psnr_real,37.10548695360766,1.7003156281259926
depth_sweep_a68185d620,depth_sweep,admmnet_softthresh,admmnet_softthresh,1,64,False,True,True,0.1,gaussian1d,0.3,mse_l1,100,0.0005,adam,0.0,0,test,psnr_imag,46.37372637792611,1.3998360068368627
depth_sweep_a68185d620,depth_sweep,admmnet_softthresh,admmnet_softthresh,1,64,False,True,True,0.1,gaussian1d,0.3,mse_l1,100,0.0005,adam,0.0,0,test,ssim_real,0.913094460714811,0.0227628473111814
depth_sweep_a68185d620,depth_sweep,admmnet_softthresh,admmnet_softthresh,1,64,False,True,True,0.1,gaussian1d,0.3,mse_l1,100,0.0005,adam,0.0,0,test,ssim_imag,0.9156220643839575,0.0275596269122811
depth_sweep_a68185d620,depth_sweep,admmnet_softthresh,admmnet_softthresh,1,64,False,True,True,0.1,gaussian1d,0.3,mse_l1,100,0.0005,adam,0.0,0,test,nmse,0.023709148905049,0.0109521810197779
depth_sweep_a68185d620,depth_sweep,zero_filled,admmnet_softthresh,1,64,False,True,True,0.1,gaussian1d,0.3,mse_l1,100,0.0005,adam,0.0,0,test,psnr_real,21.60755972682681,1.8443774653523937
depth_sweep_a68185d620,depth_sweep,zero_filled,admmnet_softthresh,1,64,False,True,True,0.1,gaussian1d,0.3,mse_l1,100,0.0005,adam,0.0,0,test,psnr_imag,30.377767107975533,2.0848292233403383
depth_sweep_a68185d620,depth_sweep,zero_filled,admmnet_softthresh,1,64,False,True,True,0.1,gaussian1d,0.3,mse_l1,100,0.0005,adam,0.0,0,test,ssim_real,0.3017083461158694,0.0797648775165876
depth_sweep_a68185d620,depth_sweep,zero_filled,admmnet_softthresh,1,64,False,True,True,0.1,gaussian1d,0.3,mse_l1,100,0.0005,adam,0.0,0,test,ssim_imag,0.3461612068023142,0.0740118258339385
depth_sweep_a68185d620,depth_sweep,zero_filled,admmnet_softthresh,1,64,False,True,True,0.1,gaussian1d,0.3,mse_l1,100,0.0005,adam,0.0,0,test,nmse,0.7820399040706986,0.025187587939406
depth_sweep_f7aa582948,depth_sweep,admmnet_softthresh,admmnet_softthresh,3,64,False,True,True,0.1,gaussian1d,0.3,mse_l1,100,0.0005,adam,0.0,0,val,psnr_real,40.90797883832131,2.07276558067571
depth_sweep_f7aa582948,depth_sweep,admmnet_softthresh,admmnet_softthresh,3,64,False,True,True,0.1,gaussian1d,0.3,mse_l1,100,0.0005,adam,0.0,0,val,psnr_imag,52.83291696058684,1.7893010627269843
depth_sweep_f7aa582948,depth_sweep,admmnet_softthresh,admmnet_softthresh,3,64,False,True,True,0.1,gaussian1d,0.3,mse_l1,100,0.0005,adam,0.0,0,val,ssim_real,0.9648857416588976,0.01384588873084
depth_sweep_f7aa582948,depth_sweep,admmnet_softthresh,admmnet_softthresh,3,64,False,True,True,0.1,gaussian1d,0.3,mse_l1,100,0.0005,adam,0.0,0,val,ssim_imag,0.9799501861062576,0.0118845738596519
depth_sweep_f7aa582948,depth_sweep,admmnet_softthresh,admmnet_softthresh,3,64,False,True,True,0.1,gaussian1d,0.3,mse_l1,100,0.0005,adam,0.0,0,val,nmse,0.0098528851971753,0.0056492265196785
depth_sweep_f7aa582948,depth_sweep,admmnet_softthresh,admmnet_softthresh,3,64,False,True,True,0.1,gaussian1d,0.3,mse_l1,100,0.0005,adam,0.0,0,test,psnr_real,41.0878275947092,1.9336223675723647
depth_sweep_f7aa582948,depth_sweep,admmnet_softthresh,admmnet_softthresh,3,64,False,True,True,0.1,gaussian1d,0.3,mse_l1,100,0.0005,adam,0.0,0,test,psnr_imag,53.00427443213044,1.6589323263518043
depth_sweep_f7aa582948,depth_sweep,admmnet_softthresh,admmnet_softthresh,3,64,False,True,True,0.1,gaussian1d,0.3,mse_l1,100,0.0005,adam,0.0,0,test,ssim_real,0.9667728200367804,0.0122489868366079
depth_sweep_f7aa582948,depth_sweep,admmnet_softthresh,admmnet_softthresh,3,64,False,True,True,0.1,gaussian1d,0.3,mse_l1,100,0.0005,adam,0.0,0,test,ssim_imag,0.9814059805421153,0.0091069019102475
depth_sweep_f7aa582948,depth_sweep,admmnet_softthresh,admmnet_softthresh,3,64,False,True,True,0.1,gaussian1d,0.3,mse_l1,100,0.0005,adam,0.0,0,test,nmse,0.0092347956771054,0.0048334653859651
depth_sweep_f7aa582948,depth_sweep,zero_filled,admmnet_softthresh,3,64,False,True,True,0.1,gaussian1d,0.3,mse_l1,100,0.0005,adam,0.0,0,test,psnr_real,21.60755972682681,1.8443774653523937
depth_sweep_f7aa582948,depth_sweep,zero_filled,admmnet_softthresh,3,64,False,True,True,0.1,gaussian1d,0.3,mse_l1,100,0.0005,adam,0.0,0,test,psnr_imag,30.377767107975533,2.0848292233403383
depth_sweep_f7aa582948,depth_sweep,zero_filled,admmnet_softthresh,3,64,False,True,True,0.1,gaussian1d,0.3,mse_l1,100,0.0005,adam,0.0,0,test,ssim_real,0.3017083461158694,0.0797648775165876
depth_sweep_f7aa582948,depth_sweep,zero_filled,admmnet_softthresh,3,64,False,True,True,0.1,gaussian1d,0.3,mse_l1,100,0.0005,adam,0.0,0,test,ssim_imag,0.3461612068023142,0.0740118258339385
depth_sweep_f7aa582948,depth_sweep,zero_filled,admmnet_softthresh,3,64,False,True,True,0.1,gaussian1d,0.3,mse_l1,100,0.0005,adam,0.0,0,test,nmse,0.7820399040706986,0.025187587939406
depth_sweep_683bb3a634,depth_sweep,admmnet_softthresh,admmnet_softthresh,5,64,False,True,True,0.1,gaussian1d,0.3,mse_l1,100,0.0005,adam,0.0,0,val,psnr_real,41.74949092506616,2.0148129232009144
depth_sweep_683bb3a634,depth_sweep,admmnet_softthresh,admmnet_softthresh,5,64,False,True,True,0.1,gaussian1d,0.3,mse_l1,100,0.0005,adam,0.0,0,val,psnr_imag,53.88433743916872,1.773402468166588
depth_sweep_683bb3a634,depth_sweep,admmnet_softthresh,admmnet_softthresh,5,64,False,True,True,0.1,gaussian1d,0.3,mse_l1,100,0.0005,adam,0.0,0,val,ssim_real,0.9714243115861132,0.0113645169736276
depth_sweep_683bb3a634,depth_sweep,admmnet_softthresh,admmnet_softthresh,5,64,False,True,True,0.1,gaussian1d,0.3,mse_l1,100,0.0005,adam,0.0,0,val,ssim_imag,0.9842420384630032,0.0110134588783177
depth_sweep_683bb3a634,depth_sweep,admmnet_softthresh,admmnet_softthresh,5,64,False,True,True,0.1,gaussian1d,0.3,mse_l1,100,0.0005,adam,0.0,0,val,nmse,0.0081351630244839,0.0049113907728498
depth_sweep_683bb3a634,depth_sweep,admmnet_softthresh,admmnet_softthresh,5,64,False,True,True,0.1,gaussian1d,0.3,mse_l1,100,0.0005,adam,0.0,0,test,psnr_real,41.93444940734608,1.9069790699510136
depth_sweep_683bb3a634,depth_sweep,admmnet_softthresh,admmnet_softthresh,5,64,False,True,True,0.1,gaussian1d,0.3,mse_l1,100,0.0005,adam,0.0,0,test,psnr_imag,54.02306967699378,1.6452260208505745
depth_sweep_683bb3a634,depth_sweep,admmnet_softthresh,admmnet_softthresh,5,64,False,True,True,0.1,gaussian1d,0.3,mse_l1,100,0.0005,adam,0.0,0,test,ssim_real,0.9730607080409716,0.0100133184796086
depth_sweep_683bb3a634,depth_sweep,admmnet_softthresh,admmnet_softthresh,5,64,False,True,True,0.1,gaussian1d,0.3,mse_l1,100,0.0005,adam,0.0,0,test,ssim_imag,0.9851684953128942,0.008528943088075
depth_sweep_683bb3a634,depth_sweep,admmnet_softthresh,admmnet_softthresh,5,64,False,True,True,0.1,gaussian1d,0.3,mse_l1,100,0.0005,adam,0.0,0,test,nmse,0.0076079563107185,0.0041429601828193
depth_sweep_683bb3a634,depth_sweep,zero_filled,admmnet_softthresh,5,64,False,True,True,0.1,gaussian1d,0.3,mse_l1,100,0.0005,adam,0.0,0,test,psnr_real,21.60755972682681,1.8443774653523937
depth_sweep_683bb3a634,depth_sweep,zero_filled,admmnet_softthresh,5,64,False,True,True,0.1,gaussian1d,0.3,mse_l1,100,0.0005,adam,0.0,0,test,psnr_imag,30.377767107975533,2.0848292233403383
depth_sweep_683bb3a634,depth_sweep,zero_filled,admmnet_softthresh,5,64,False,True,True,0.1,gaussian1d,0.3,mse_l1,100,0.0005,adam,0.0,0,test,ssim_real,0.3017083461158694,0.0797648775165876
depth_sweep_683bb3a634,depth_sweep,zero_filled,admmnet_softthresh,5,64,False,True,True,0.1,gaussian1d,0.3,mse_l1,100,0.0005,adam,0.0,0,test,ssim_imag,0.3461612068023142,0.0740118258339385
depth_sweep_683bb3a634,depth_sweep,zero_filled,admmnet_softthresh,5,64,False,True,True,0.1,gaussian1d,0.3,mse_l1,100,0.0005,adam,0.0,0,test,nmse,0.7820399040706986,0.025187587939406
depth_sweep_6a67b3e69b,depth_sweep,admmnet_softthresh,admmnet_softthresh,8,64,False,True,True,0.1,gaussian1d,0.3,mse_l1,100,0.0005,adam,0.0,0,val,psnr_real,41.86124585814665,2.020392566105292
depth_sweep_6a67b3e69b,depth_sweep,admmnet_softthresh,admmnet_softthresh,8,64,False,True,True,0.1,gaussian1d,0.3,mse_l1,100,0.0005,adam,0.0,0,val,psnr_imag,56.73466214556286,1.8077286362684464
depth_sweep_6a67b3e69b,depth_sweep,admmnet_softthresh,admmnet_softthresh,8,64,False,True,True,0.1,gaussian1d,0.3,mse_l1,100,0.0005,adam,0.0,0,val,ssim_real,0.9727475130483352,0.0106920720946713
depth_sweep_6a67b3e69b,depth_sweep,admmnet_softthresh,admmnet_softthresh,8,64,False,True,True,0.1,gaussian1d,0.3,mse_l1,100,0.0005,adam,0.0,0,val,ssim_imag,0.98858662923343,0.0060237621802501
depth_sweep_6a67b3e69b,depth_sweep,admmnet_softthresh,admmnet_softthresh,8,64,False,True,True,0.1,gaussian1d,0.3,mse_l1,100,0.0005,adam,0.0,0,val,nmse,0.007594233239264,0.0041664105797382
depth_sweep_6a67b3e69b,depth_sweep,admmnet_softthresh,admmnet_softthresh,8,64,False,True,True,0.1,gaussian1d,0.3,mse_l1,100,0.0005,adam,0.0,0,test,psnr_real,42.04909708509884,1.9173583549123432
depth_sweep_6a67b3e69b,depth_sweep,admmnet_softthresh,admmnet_softthresh,8,64,False,True,True,0.1,gaussian1d,0.3,mse_l1,100,0.0005,adam,0.0,0,test,psnr_imag,56.86955142320449,1.7082591510626193
depth_sweep_6a67b3e69b,depth_sweep,admmnet_softthresh,admmnet_softthresh,8,64,False,True,True,0.1,gaussian1d,0.3,mse_l1,100,0.0005,adam,0.0,0,test,ssim_real,0.9742818286478768,0.0096214453119219
depth_sweep_6a67b3e69b,depth_sweep,admmnet_softthresh,admmnet_softthresh,8,64,False,True,True,0.1,gaussian1d,0.3,mse_l1,100,0.0005,adam,0.0,0,test,ssim_imag,0.9891404005772898,0.0050814399484351
depth_sweep_6a67b3e69b,depth_sweep,admmnet_softthresh,admmnet_softthresh,8,64,False,True,True,0.1,gaussian1d,0.3,mse_l1,100,0.0005,adam,0.0,0,test,nmse,0.0071332281695047,0.0036650317866457
depth_sweep_6a67b3e69b,depth_sweep,zero_filled,admmnet_softthresh,8,64,False,True,True,0.1,gaussian1d,0.3,mse_l1,100,0.0005,adam,0.0,0,test,psnr_real,21.60755972682681,1.8443774653523937
depth_sweep_6a67b3e69b,depth_sweep,zero_filled,admmnet_softthresh,8,64,False,True,True,0.1,gaussian1d,0.3,mse_l1,100,0.0005,adam,0.0,0,test,psnr_imag,30.377767107975533,2.0848292233403383
depth_sweep_6a67b3e69b,depth_sweep,zero_filled,admmnet_softthresh,8,64,False,True,True,0.1,gaussian1d,0.3,mse_l1,100,0.0005,adam,0.0,0,test,ssim_real,0.3017083461158694,0.0797648775165876
depth_sweep_6a67b3e69b,depth_sweep,zero_filled,admmnet_softthresh,8,64,False,True,True,0.1,gaussian1d,0.3,mse_l1,100,0.0005,adam,0.0,0,test,ssim_imag,0.3461612068023142,0.0740118258339385
depth_sweep_6a67b3e69b,depth_sweep,zero_filled,admmnet_softthresh,8,64,False,True,True,0.1,gaussian1d,0.3,mse_l1,100,0.0005,adam,0.0,0,test,nmse,0.7820399040706986,0.025187587939406
loss_ablation_f5f7ad568a,loss_ablation,admmnet_softthresh,admmnet_softthresh,8,64,False,True,True,0.1,gaussian1d,0.3,mse,100,0.0005,adam,0.0,0,val,psnr_real,42.571699687981656,1.9406016937322623
loss_ablation_f5f7ad568a,loss_ablation,admmnet_softthresh,admmnet_softthresh,8,64,False,True,True,0.1,gaussian1d,0.3,mse,100,0.0005,adam,0.0,0,val,psnr_imag,51.790061210043,1.937027375118661
loss_ablation_f5f7ad568a,loss_ablation,admmnet_softthresh,admmnet_softthresh,8,64,False,True,True,0.1,gaussian1d,0.3,mse,100,0.0005,adam,0.0,0,val,ssim_real,0.9748002507243624,0.0097813695700465
loss_ablation_f5f7ad568a,loss_ablation,admmnet_softthresh,admmnet_softthresh,8,64,False,True,True,0.1,gaussian1d,0.3,mse,100,0.0005,adam,0.0,0,val,ssim_imag,0.961333246843302,0.0191943294176598
loss_ablation_f5f7ad568a,loss_ablation,admmnet_softthresh,admmnet_softthresh,8,64,False,True,True,0.1,gaussian1d,0.3,mse,100,0.0005,adam,0.0,0,val,nmse,0.0069498026462579,0.0037438665989091
loss_ablation_f5f7ad568a,loss_ablation,admmnet_softthresh,admmnet_softthresh,8,64,False,True,True,0.1,gaussian1d,0.3,mse,100,0.0005,adam,0.0,0,test,psnr_real,42.7236690042408,1.881630474846196
loss_ablation_f5f7ad568a,loss_ablation,admmnet_softthresh,admmnet_softthresh,8,64,False,True,True,0.1,gaussian1d,0.3,mse,100,0.0005,adam,0.0,0,test,psnr_imag,51.9238061545783,1.8514939404156547
loss_ablation_f5f7ad568a,loss_ablation,admmnet_softthresh,admmnet_softthresh,8,64,False,True,True,0.1,gaussian1d,0.3,mse,100,0.0005,adam,0.0,0,test,ssim_real,0.9760769257735008,0.0091559673325592
loss_ablation_f5f7ad568a,loss_ablation,admmnet_softthresh,admmnet_softthresh,8,64,False,True,True,0.1,gaussian1d,0.3,mse,100,0.0005,adam,0.0,0,test,ssim_imag,0.9628715253275308,0.0169163049396584
loss_ablation_f5f7ad568a,loss_ablation,admmnet_softthresh,admmnet_softthresh,8,64,False,True,True,0.1,gaussian1d,0.3,mse,100,0.0005,adam,0.0,0,test,nmse,0.0065968260037514,0.0033170221065427
loss_ablation_f5f7ad568a,loss_ablation,zero_filled,admmnet_softthresh,8,64,False,True,True,0.1,gaussian1d,0.3,mse,100,0.0005,adam,0.0,0,test,psnr_real,21.60755972682681,1.8443774653523937
loss_ablation_f5f7ad568a,loss_ablation,zero_filled,admmnet_softthresh,8,64,False,True,True,0.1,gaussian1d,0.3,mse,100,0.0005,adam,0.0,0,test,psnr_imag,30.377767107975533,2.0848292233403383
loss_ablation_f5f7ad568a,loss_ablation,zero_filled,admmnet_softthresh,8,64,False,True,True,0.1,gaussian1d,0.3,mse,100,0.0005,adam,0.0,0,test,ssim_real,0.3017083461158694,0.0797648775165876
loss_ablation_f5f7ad568a,loss_ablation,zero_filled,admmnet_softthresh,8,64,False,True,True,0.1,gaussian1d,0.3,mse,100,0.0005,adam,0.0,0,test,ssim_imag,0.3461612068023142,0.0740118258339385
loss_ablation_f5f7ad568a,loss_ablation,zero_filled,admmnet_softthresh,8,64,False,True,True,0.1,gaussian1d,0.3,mse,100,0.0005,adam,0.0,0,test,nmse,0.7820399040706986,0.025187587939406
loss_ablation_c1b4a1db93,loss_ablation,admmnet_softthresh,admmnet_softthresh,8,64,False,True,True,0.1,gaussian1d,0.3,mse_l1,100,0.0005,adam,0.0,0,val,psnr_real,40.72287911114464,2.0441781105519223
loss_ablation_c1b4a1db93,loss_ablation,admmnet_softthresh,admmnet_softthresh,8,64,False,True,True,0.1,gaussian1d,0.3,mse_l1,100,0.0005,adam,0.0,0,val,psnr_imag,54.44505996544824,1.8054927981805893
loss_ablation_c1b4a1db93,loss_ablation,admmnet_softthresh,admmnet_softthresh,8,64,False,True,True,0.1,gaussian1d,0.3,mse_l1,100,0.0005,adam,0.0,0,val,ssim_real,0.962117173726474,0.0152980436847992
loss_ablation_c1b4a1db93,loss_ablation,admmnet_softthresh,admmnet_softthresh,8,64,False,True,True,0.1,gaussian1d,0.3,mse_l1,100,0.0005,adam,0.0,0,val,ssim_imag,0.980183797489875,0.0102834355456713
loss_ablation_c1b4a1db93,loss_ablation,admmnet_softthresh,admmnet_softthresh,8,64,False,True,True,0.1,gaussian1d,0.3,mse_l1,100,0.0005,adam,0.0,0,val,nmse,0.0100699700867185,0.0057147090469255
loss_ablation_c1b4a1db93,loss_ablation,admmnet_softthresh,admmnet_softthresh,8,64,False,True,True,0.1,gaussian1d,0.3,mse_l1,100,0.0005,adam,0.0,0,test,psnr_real,40.88645779438099,1.9060306171448056
loss_ablation_c1b4a1db93,loss_ablation,admmnet_softthresh,admmnet_softthresh,8,64,False,True,True,0.1,gaussian1d,0.3,mse_l1,100,0.0005,adam,0.0,0,test,psnr_imag,54.54568908404107,1.65903721139635
loss_ablation_c1b4a1db93,loss_ablation,admmnet_softthresh,admmnet_softthresh,8,64,False,True,True,0.1,gaussian1d,0.3,mse_l1,100,0.0005,adam,0.0,0,test,ssim_real,0.9640207465223688,0.0133856389970777
loss_ablation_c1b4a1db93,loss_ablation,admmnet_softthresh,admmnet_softthresh,8,64,False,True,True,0.1,gaussian1d,0.3,mse_l1,100,0.0005,adam,0.0,0,test,ssim_imag,0.9809148438804818,0.0082248151347298
loss_ablation_c1b4a1db93,loss_ablation,admmnet_softthresh,admmnet_softthresh,8,64,False,True,True,0.1,gaussian1d,0.3,mse_l1,100,0.0005,adam,0.0,0,test,nmse,0.0094762846065692,0.0049223395536211
loss_ablation_c1b4a1db93,loss_ablation,zero_filled,admmnet_softthresh,8,64,False,True,True,0.1,gaussian1d,0.3,mse_l1,100,0.0005,adam,0.0,0,test,psnr_real,21.60755972682681,1.8443774653523937
loss_ablation_c1b4a1db93,loss_ablation,zero_filled,admmnet_softthresh,8,64,False,True,True,0.1,gaussian1d,0.3,mse_l1,100,0.0005,adam,0.0,0,test,psnr_imag,30.377767107975533,2.0848292233403383
loss_ablation_c1b4a1db93,loss_ablation,zero_filled,admmnet_softthresh,8,64,False,True,True,0.1,gaussian1d,0.3,mse_l1,100,0.0005,adam,0.0,0,test,ssim_real,0.3017083461158694,0.0797648775165876
loss_ablation_c1b4a1db93,loss_ablation,zero_filled,admmnet_softthresh,8,64,False,True,True,0.1,gaussian1d,0.3,mse_l1,100,0.0005,adam,0.0,0,test,ssim_imag,0.3461612068023142,0.0740118258339385
loss_ablation_c1b4a1db93,loss_ablation,zero_filled,admmnet_softthresh,8,64,False,True,True,0.1,gaussian1d,0.3,mse_l1,100,0.0005,adam,0.0,0,test,nmse,0.7820399040706986,0.025187587939406
loss_ablation_f5ac4de9b4,loss_ablation,admmnet_softthresh,admmnet_softthresh,8,64,False,True,True,0.1,gaussian1d,0.3,ssim,100,0.0005,adam,0.0,0,val,psnr_real,33.20664664250575,1.34221069336888
loss_ablation_f5ac4de9b4,loss_ablation,admmnet_softthresh,admmnet_softthresh,8,64,False,True,True,0.1,gaussian1d,0.3,ssim,100,0.0005,adam,0.0,0,val,psnr_imag,54.05504908392474,1.3503073505442058
loss_ablation_f5ac4de9b4,loss_ablation,admmnet_softthresh,admmnet_softthresh,8,64,False,True,True,0.1,gaussian1d,0.3,ssim,100,0.0005,adam,0.0,0,val,ssim_real,0.960454737468154,0.0133322418056429
loss_ablation_f5ac4de9b4,loss_ablation,admmnet_softthresh,admmnet_softthresh,8,64,False,True,True,0.1,gaussian1d,0.3,ssim,100,0.0005,adam,0.0,0,val,ssim_imag,0.9869750378525084,0.0064085870909413
loss_ablation_f5ac4de9b4,loss_ablation,admmnet_softthresh,admmnet_softthresh,8,64,False,True,True,0.1,gaussian1d,0.3,ssim,100,0.0005,adam,0.0,0,val,nmse,0.0552645653820672,0.0333183050364614
loss_ablation_f5ac4de9b4,loss_ablation,admmnet_softthresh,admmnet_softthresh,8,64,False,True,True,0.1,gaussian1d,0.3,ssim,100,0.0005,adam,0.0,0,test,psnr_real,33.20209592555856,1.2043827291580675
loss_ablation_f5ac4de9b4,loss_ablation,admmnet_softthresh,admmnet_softthresh,8,64,False,True,True,0.1,gaussian1d,0.3,ssim,100,0.0005,adam,0.0,0,test,psnr_imag,54.156373969680594,1.2597543841074004
loss_ablation_f5ac4de9b4,loss_ablation,admmnet_softthresh,admmnet_softthresh,8,64,False,True,True,0.1,gaussian1d,0.3,ssim,100,0.0005,adam,0.0,0,test,ssim_real,0.9622715702864916,0.0116126161634056
loss_ablation_f5ac4de9b4,loss_ablation,admmnet_softthresh,admmnet_softthresh,8,64,False,True,True,0.1,gaussian1d,0.3,ssim,100,0.0005,adam,0.0,0,test,ssim_imag,0.987596599127957,0.0051754380236169
loss_ablation_f5ac4de9b4,loss_ablation,admmnet_softthresh,admmnet_softthresh,8,64,False,True,True,0.1,gaussian1d,0.3,ssim,100,0.0005,adam,0.0,0,test,nmse,0.0538603214422342,0.0280127088012148
loss_ablation_f5ac4de9b4,loss_ablation,zero_filled,admmnet_softthresh,8,64,False,True,True,0.1,gaussian1d,0.3,ssim,100,0.0005,adam,0.0,0,test,psnr_real,21.60755972682681,1.8443774653523937
loss_ablation_f5ac4de9b4,loss_ablation,zero_filled,admmnet_softthresh,8,64,False,True,True,0.1,gaussian1d,0.3,ssim,100,0.0005,adam,0.0,0,test,psnr_imag,30.377767107975533,2.0848292233403383
loss_ablation_f5ac4de9b4,loss_ablation,zero_filled,admmnet_softthresh,8,64,False,True,True,0.1,gaussian1d,0.3,ssim,100,0.0005,adam,0.0,0,test,ssim_real,0.3017083461158694,0.0797648775165876
loss_ablation_f5ac4de9b4,loss_ablation,zero_filled,admmnet_softthresh,8,64,False,True,True,0.1,gaussian1d,0.3,ssim,100,0.0005,adam,0.0,0,test,ssim_imag,0.3461612068023142,0.0740118258339385
loss_ablation_f5ac4de9b4,loss_ablation,zero_filled,admmnet_softthresh,8,64,False,True,True,0.1,gaussian1d,0.3,ssim,100,0.0005,adam,0.0,0,test,nmse,0.7820399040706986,0.025187587939406
loss_ablation_9c89b5f19b,loss_ablation,admmnet_softthresh,admmnet_softthresh,8,64,False,True,True,0.1,gaussian1d,0.3,kspace,100,0.0005,adam,0.0,0,val,psnr_real,41.521511547749625,1.9107503436065048
loss_ablation_9c89b5f19b,loss_ablation,admmnet_softthresh,admmnet_softthresh,8,64,False,True,True,0.1,gaussian1d,0.3,kspace,100,0.0005,adam,0.0,0,val,psnr_imag,52.13747702262098,1.4922033236110268
loss_ablation_9c89b5f19b,loss_ablation,admmnet_softthresh,admmnet_softthresh,8,64,False,True,True,0.1,gaussian1d,0.3,kspace,100,0.0005,adam,0.0,0,val,ssim_real,0.968791550534752,0.0111812417092972
loss_ablation_9c89b5f19b,loss_ablation,admmnet_softthresh,admmnet_softthresh,8,64,False,True,True,0.1,gaussian1d,0.3,kspace,100,0.0005,adam,0.0,0,val,ssim_imag,0.9753486892375668,0.0104622792091926
loss_ablation_9c89b5f19b,loss_ablation,admmnet_softthresh,admmnet_softthresh,8,64,False,True,True,0.1,gaussian1d,0.3,kspace,100,0.0005,adam,0.0,0,val,nmse,0.0086930523760663,0.0049736400814157
loss_ablation_9c89b5f19b,loss_ablation,admmnet_softthresh,admmnet_softthresh,8,64,False,True,True,0.1,gaussian1d,0.3,kspace,100,0.0005,adam,0.0,0,test,psnr_real,41.69930426146695,1.815359934546384
loss_ablation_9c89b5f19b,loss_ablation,admmnet_softthresh,admmnet_softthresh,8,64,False,True,True,0.1,gaussian1d,0.3,kspace,100,0.0005,adam,0.0,0,test,psnr_imag,52.26228446641228,1.3839930155601543
loss_ablation_9c89b5f19b,loss_ablation,admmnet_softthresh,admmnet_softthresh,8,64,False,True,True,0.1,gaussian1d,0.3,kspace,100,0.0005,adam,0.0,0,test,ssim_real,0.9703460461674376,0.009962335942613
loss_ablation_9c89b5f19b,loss_ablation,admmnet_softthresh,admmnet_softthresh,8,64,False,True,True,0.1,gaussian1d,0.3,kspace,100,0.0005,adam,0.0,0,test,ssim_imag,0.9765848425142934,0.0081571022224878
loss_ablation_9c89b5f19b,loss_ablation,admmnet_softthresh,admmnet_softthresh,8,64,False,True,True,0.1,gaussian1d,0.3,kspace,100,0.0005,adam,0.0,0,test,nmse,0.0081652734568927,0.0042247237855674
loss_ablation_9c89b5f19b,loss_ablation,zero_filled,admmnet_softthresh,8,64,False,True,True,0.1,gaussian1d,0.3,kspace,100,0.0005,adam,0.0,0,test,psnr_real,21.60755972682681,1.8443774653523937
loss_ablation_9c89b5f19b,loss_ablation,zero_filled,admmnet_softthresh,8,64,False,True,True,0.1,gaussian1d,0.3,kspace,100,0.0005,adam,0.0,0,test,psnr_imag,30.377767107975533,2.0848292233403383
loss_ablation_9c89b5f19b,loss_ablation,zero_filled,admmnet_softthresh,8,64,False,True,True,0.1,gaussian1d,0.3,kspace,100,0.0005,adam,0.0,0,test,ssim_real,0.3017083461158694,0.0797648775165876
loss_ablation_9c89b5f19b,loss_ablation,zero_filled,admmnet_softthresh,8,64,False,True,True,0.1,gaussian1d,0.3,kspace,100,0.0005,adam,0.0,0,test,ssim_imag,0.3461612068023142,0.0740118258339385
loss_ablation_9c89b5f19b,loss_ablation,zero_filled,admmnet_softthresh,8,64,False,True,True,0.1,gaussian1d,0.3,kspace,100,0.0005,adam,0.0,0,test,nmse,0.7820399040706986,0.025187587939406
structure_ablation_15501928aa,structure_ablation,admmnet_softthresh,admmnet_softthresh,8,64,False,True,True,0.1,gaussian1d,0.3,mse_l1,100,0.0005,adam,0.0,0,val,psnr_real,41.75589241712726,2.07416570083842
structure_ablation_15501928aa,structure_ablation,admmnet_softthresh,admmnet_softthresh,8,64,False,True,True,0.1,gaussian1d,0.3,mse_l1,100,0.0005,adam,0.0,0,val,psnr_imag,54.02171124197496,1.9625831606787647
structure_ablation_15501928aa,structure_ablation,admmnet_softthresh,admmnet_softthresh,8,64,False,True,True,0.1,gaussian1d,0.3,mse_l1,100,0.0005,adam,0.0,0,val,ssim_real,0.9709764033369332,0.0118550937428354
structure_ablation_15501928aa,structure_ablation,admmnet_softthresh,admmnet_softthresh,8,64,False,True,True,0.1,gaussian1d,0.3,mse_l1,100,0.0005,adam,0.0,0,val,ssim_imag,0.9836710309434784,0.0121637878176517
structure_ablation_15501928aa,structure_ablation,admmnet_softthresh,admmnet_softthresh,8,64,False,True,True,0.1,gaussian1d,0.3,mse_l1,100,0.0005,adam,0.0,0,val,nmse,0.0080379396293016,0.0044832097604091
structure_ablation_15501928aa,structure_ablation,admmnet_softthresh,admmnet_softthresh,8,64,False,True,True,0.1,gaussian1d,0.3,mse_l1,100,0.0005,adam,0.0,0,test,psnr_real,41.905667053605725,1.9721740391494
structure_ablation_15501928aa,structure_ablation,admmnet_softthresh,admmnet_softthresh,8,64,False,True,True,0.1,gaussian1d,0.3,mse_l1,100,0.0005,adam,0.0,0,test,psnr_imag,54.15063767054091,1.836388959104172
structure_ablation_15501928aa,structure_ablation,admmnet_softthresh,admmnet_softthresh,8,64,False,True,True,0.1,gaussian1d,0.3,mse_l1,100,0.0005,adam,0.0,0,test,ssim_real,0.9724353990794226,0.010473712309673
structure_ablation_15501928aa,structure_ablation,admmnet_softthresh,admmnet_softthresh,8,64,False,True,True,0.1,gaussian1d,0.3,mse_l1,100,0.0005,adam,0.0,0,test,ssim_imag,0.984627869463366,0.0095921296904631
structure_ablation_15501928aa,structure_ablation,admmnet_softthresh,admmnet_softthresh,8,64,False,True,True,0.1,gaussian1d,0.3,mse_l1,100,0.0005,adam,0.0,0,test,nmse,0.0076153720353991,0.0039779703010678
structure_ablation_15501928aa,structure_ablation,zero_filled,admmnet_softthresh,8,64,False,True,True,0.1,gaussian1d,0.3,mse_l1,100,0.0005,adam,0.0,0,test,psnr_real,21.60755972682681,1.8443774653523937
structure_ablation_15501928aa,structure_ablation,zero_filled,admmnet_softthresh,8,64,False,True,True,0.1,gaussian1d,0.3,mse_l1,100,0.0005,adam,0.0,0,test,psnr_imag,30.377767107975533,2.0848292233403383
structure_ablation_15501928aa,structure_ablation,zero_filled,admmnet_softthresh,8,64,False,True,True,0.1,gaussian1d,0.3,mse_l1,100,0.0005,adam,0.0,0,test,ssim_real,0.3017083461158694,0.0797648775165876
structure_ablation_15501928aa,structure_ablation,zero_filled,admmnet_softthresh,8,64,False,True,True,0.1,gaussian1d,0.3,mse_l1,100,0.0005,adam,0.0,0,test,ssim_imag,0.3461612068023142,0.0740118258339385
structure_ablation_15501928aa,structure_ablation,zero_filled,admmnet_softthresh,8,64,False,True,True,0.1,gaussian1d,0.3,mse_l1,100,0.0005,adam,0.0,0,test,nmse,0.7820399040706986,0.025187587939406
structure_ablation_d1f5f6b907,structure_ablation,admmnet_softthresh,admmnet_softthresh,8,64,True,True,True,0.1,gaussian1d,0.3,mse_l1,100,0.0005,adam,0.0,0,val,psnr_real,28.36285241113077,1.7422283526921891
structure_ablation_d1f5f6b907,structure_ablation,admmnet_softthresh,admmnet_softthresh,8,64,True,True,True,0.1,gaussian1d,0.3,mse_l1,100,0.0005,adam,0.0,0,val,psnr_imag,37.00128060741066,1.456819630037782
structure_ablation_d1f5f6b907,structure_ablation,admmnet_softthresh,admmnet_softthresh,8,64,True,True,True,0.1,gaussian1d,0.3,mse_l1,100,0.0005,adam,0.0,0,val,ssim_real,0.6722017786696958,0.0655695632926223
structure_ablation_d1f5f6b907,structure_ablation,admmnet_softthresh,admmnet_softthresh,8,64,True,True,True,0.1,gaussian1d,0.3,mse_l1,100,0.0005,adam,0.0,0,val,ssim_imag,0.5724123270252801,0.0406317431623319
structure_ablation_d1f5f6b907,structure_ablation,admmnet_softthresh,admmnet_softthresh,8,64,True,True,True,0.1,gaussian1d,0.3,mse_l1,100,0.0005,adam,0.0,0,val,nmse,0.1810719849763434,0.0831901136819002
structure_ablation_d1f5f6b907,structure_ablation,admmnet_softthresh,admmnet_softthresh,8,64,True,True,True,0.1,gaussian1d,0.3,mse_l1,100,0.0005,adam,0.0,0,test,psnr_real,28.44597395094868,1.70252419434403
structure_ablation_d1f5f6b907,structure_ablation,admmnet_softthresh,admmnet_softthresh,8,64,True,True,True,0.1,gaussian1d,0.3,mse_l1,100,0.0005,adam,0.0,0,test,psnr_imag,37.02046435846943,1.409308834336355
structure_ablation_d1f5f6b907,structure_ablation,admmnet_softthresh,admmnet_softthresh,8,64,True,True,True,0.1,gaussian1d,0.3,mse_l1,100,0.0005,adam,0.0,0,test,ssim_real,0.6795932521505834,0.0609434947893989
structure_ablation_d1f5f6b907,structure_ablation,admmnet_softthresh,admmnet_softthresh,8,64,True,True,True,0.1,gaussian1d,0.3,mse_l1,100,0.0005,adam,0.0,0,test,ssim_imag,0.5756464684109309,0.0364375024462127
structure_ablation_d1f5f6b907,structure_ablation,admmnet_softthresh,admmnet_softthresh,8,64,True,True,True,0.1,gaussian1d,0.3,mse_l1,100,0.0005,adam,0.0,0,test,nmse,0.1759001829322412,0.076277564992012
structure_ablation_d1f5f6b907,structure_ablation,zero_filled,admmnet_softthresh,8,64,True,True,True,0.1,gaussian1d,0.3,mse_l1,100,0.0005,adam,0.0,0,test,psnr_real,21.60755972682681,1.8443774653523937
structure_ablation_d1f5f6b907,structure_ablation,zero_filled,admmnet_softthresh,8,64,True,True,True,0.1,gaussian1d,0.3,mse_l1,100,0.0005,adam,0.0,0,test,psnr_imag,30.377767107975533,2.0848292233403383
structure_ablation_d1f5f6b907,structure_ablation,zero_filled,admmnet_softthresh,8,64,True,True,True,0.1,gaussian1d,0.3,mse_l1,100,0.0005,adam,0.0,0,test,ssim_real,0.3017083461158694,0.0797648775165876
structure_ablation_d1f5f6b907,structure_ablation,zero_filled,admmnet_softthresh,8,64,True,True,True,0.1,gaussian1d,0.3,mse_l1,100,0.0005,adam,0.0,0,test,ssim_imag,0.3461612068023142,0.0740118258339385
structure_ablation_d1f5f6b907,structure_ablation,zero_filled,admmnet_softthresh,8,64,True,True,True,0.1,gaussian1d,0.3,mse_l1,100,0.0005,adam,0.0,0,test,nmse,0.7820399040706986,0.025187587939406
structure_ablation_cf6fe5ff43,structure_ablation,admmnet_pwl,admmnet_pwl,8,64,False,True,True,0.1,gaussian1d,0.3,mse_l1,100,0.0005,adam,0.0,0,val,psnr_real,39.92936255787509,1.8722276374348767
structure_ablation_cf6fe5ff43,structure_ablation,admmnet_pwl,admmnet_pwl,8,64,False,True,True,0.1,gaussian1d,0.3,mse_l1,100,0.0005,adam,0.0,0,val,psnr_imag,53.085706061759424,1.5724764435145364
structure_ablation_cf6fe5ff43,structure_ablation,admmnet_pwl,admmnet_pwl,8,64,False,True,True,0.1,gaussian1d,0.3,mse_l1,100,0.0005,adam,0.0,0,val,ssim_real,0.9551218098538904,0.0152282632167845
structure_ablation_cf6fe5ff43,structure_ablation,admmnet_pwl,admmnet_pwl,8,64,False,True,True,0.1,gaussian1d,0.3,mse_l1,100,0.0005,adam,0.0,0,val,ssim_imag,0.97376896717852,0.0112891945356073
structure_ablation_cf6fe5ff43,structure_ablation,admmnet_pwl,admmnet_pwl,8,64,False,True,True,0.1,gaussian1d,0.3,mse_l1,100,0.0005,adam,0.0,0,val,nmse,0.0119873063846847,0.0065446148039015
structure_ablation_cf6fe5ff43,structure_ablation,admmnet_pwl,admmnet_pwl,8,64,False,True,True,0.1,gaussian1d,0.3,mse_l1,100,0.0005,adam,0.0,0,test,psnr_real,40.10859985830395,1.7297973156802973
structure_ablation_cf6fe5ff43,structure_ablation,admmnet_pwl,admmnet_pwl,8,64,False,True,True,0.1,gaussian1d,0.3,mse_l1,100,0.0005,adam,0.0,0,test,psnr_imag,53.22337393980146,1.429992463666524
structure_ablation_cf6fe5ff43,structure_ablation,admmnet_pwl,admmnet_pwl,8,64,False,True,True,0.1,gaussian1d,0.3,mse_l1,100,0.0005,adam,0.0,0,test,ssim_real,0.9571623860792136,0.0136375154093479
structure_ablation_cf6fe5ff43,structure_ablation,admmnet_pwl,admmnet_pwl,8,64,False,True,True,0.1,gaussian1d,0.3,mse_l1,100,0.0005,adam,0.0,0,test,ssim_imag,0.9749263168378854,0.0089373573077621
structure_ablation_cf6fe5ff43,structure_ablation,admmnet_pwl,admmnet_pwl,8,64,False,True,True,0.1,gaussian1d,0.3,mse_l1,100,0.0005,adam,0.0,0,test,nmse,0.0112748429087618,0.0056411363959712
structure_ablation_cf6fe5ff43,structure_ablation,zero_filled,admmnet_pwl,8,64,False,True,True,0.1,gaussian1d,0.3,mse_l1,100,0.0005,adam,0.0,0,test,psnr_real,21.60755972682681,1.8443774653523937
structure_ablation_cf6fe5ff43,structure_ablation,zero_filled,admmnet_pwl,8,64,False,True,True,0.1,gaussian1d,0.3,mse_l1,100,0.0005,adam,0.0,0,test,psnr_imag,30.377767107975533,2.0848292233403383
structure_ablation_cf6fe5ff43,structure_ablation,zero_filled,admmnet_pwl,8,64,False,True,True,0.1,gaussian1d,0.3,mse_l1,100,0.0005,adam,0.0,0,test,ssim_real,0.3017083461158694,0.0797648775165876
structure_ablation_cf6fe5ff43,structure_ablation,zero_filled,admmnet_pwl,8,64,False,True,True,0.1,gaussian1d,0.3,mse_l1,100,0.0005,adam,0.0,0,test,ssim_imag,0.3461612068023142,0.0740118258339385
structure_ablation_cf6fe5ff43,structure_ablation,zero_filled,admmnet_pwl,8,64,False,True,True,0.1,gaussian1d,0.3,mse_l1,100,0.0005,adam,0.0,0,test,nmse,0.7820399040706986,0.025187587939406
structure_ablation_2945d12e6e,structure_ablation,admmnet_pwl,admmnet_pwl,8,64,True,True,True,0.1,gaussian1d,0.3,mse_l1,100,0.0005,adam,0.0,0,val,psnr_real,21.77179335751464,1.9465338218507608
structure_ablation_2945d12e6e,structure_ablation,admmnet_pwl,admmnet_pwl,8,64,True,True,True,0.1,gaussian1d,0.3,mse_l1,100,0.0005,adam,0.0,0,val,psnr_imag,30.501492327090844,2.147027317012941
structure_ablation_2945d12e6e,structure_ablation,admmnet_pwl,admmnet_pwl,8,64,True,True,True,0.1,gaussian1d,0.3,mse_l1,100,0.0005,adam,0.0,0,val,ssim_real,0.3058038916057734,0.0792629928130028
structure_ablation_2945d12e6e,structure_ablation,admmnet_pwl,admmnet_pwl,8,64,True,True,True,0.1,gaussian1d,0.3,mse_l1,100,0.0005,adam,0.0,0,val,ssim_imag,0.3437678854375891,0.0761405885982621
structure_ablation_2945d12e6e,structure_ablation,admmnet_pwl,admmnet_pwl,8,64,True,True,True,0.1,gaussian1d,0.3,mse_l1,100,0.0005,adam,0.0,0,val,nmse,0.7608130940066996,0.0325093462435545
structure_ablation_2945d12e6e,structure_ablation,admmnet_pwl,admmnet_pwl,8,64,True,True,True,0.1,gaussian1d,0.3,mse_l1,100,0.0005,adam,0.0,0,test,psnr_real,21.73136291344296,1.8145323403144031
structure_ablation_2945d12e6e,structure_ablation,admmnet_pwl,admmnet_pwl,8,64,True,True,True,0.1,gaussian1d,0.3,mse_l1,100,0.0005,adam,0.0,0,test,psnr_imag,30.44362552594939,2.0495849204177365
structure_ablation_2945d12e6e,structure_ablation,admmnet_pwl,admmnet_pwl,8,64,True,True,True,0.1,gaussian1d,0.3,mse_l1,100,0.0005,adam,0.0,0,test,ssim_real,0.3111628571907097,0.0783822743732828
structure_ablation_2945d12e6e,structure_ablation,admmnet_pwl,admmnet_pwl,8,64,True,True,True,0.1,gaussian1d,0.3,mse_l1,100,0.0005,adam,0.0,0,test,ssim_imag,0.3461041204226067,0.0729730833524129
structure_ablation_2945d12e6e,structure_ablation,admmnet_pwl,admmnet_pwl,8,64,True,True,True,0.1,gaussian1d,0.3,mse_l1,100,0.0005,adam,0.0,0,test,nmse,0.7614669094025839,0.030933300295096
structure_ablation_2945d12e6e,structure_ablation,zero_filled,admmnet_pwl,8,64,True,True,True,0.1,gaussian1d,0.3,mse_l1,100,0.0005,adam,0.0,0,test,psnr_real,21.60755972682681,1.8443774653523937
structure_ablation_2945d12e6e,structure_ablation,zero_filled,admmnet_pwl,8,64,True,True,True,0.1,gaussian1d,0.3,mse_l1,100,0.0005,adam,0.0,0,test,psnr_imag,30.377767107975533,2.0848292233403383
structure_ablation_2945d12e6e,structure_ablation,zero_filled,admmnet_pwl,8,64,True,True,True,0.1,gaussian1d,0.3,mse_l1,100,0.0005,adam,0.0,0,test,ssim_real,0.3017083461158694,0.0797648775165876
structure_ablation_2945d12e6e,structure_ablation,zero_filled,admmnet_pwl,8,64,True,True,True,0.1,gaussian1d,0.3,mse_l1,100,0.0005,adam,0.0,0,test,ssim_imag,0.3461612068023142,0.0740118258339385
structure_ablation_2945d12e6e,structure_ablation,zero_filled,admmnet_pwl,8,64,True,True,True,0.1,gaussian1d,0.3,mse_l1,100,0.0005,adam,0.0,0,test,nmse,0.7820399040706986,0.025187587939406
verify_8a76904409,verify,classical_cs,classical_cs,8,64,False,True,True,0.1,gaussian1d,0.2,mse_l1,40,0.0005,adam,0.0,0,val,psnr_real,21.538939565606803,1.958925210170209
verify_8a76904409,verify,classical_cs,classical_cs,8,64,False,True,True,0.1,gaussian1d,0.2,mse_l1,40,0.0005,adam,0.0,0,val,psnr_imag,30.41318425156627,2.1817878688937924
verify_8a76904409,verify,classical_cs,classical_cs,8,64,False,True,True,0.1,gaussian1d,0.2,mse_l1,40,0.0005,adam,0.0,0,val,ssim_real,0.2929004746059535,0.0793943549150703
verify_8a76904409,verify,classical_cs,classical_cs,8,64,False,True,True,0.1,gaussian1d,0.2,mse_l1,40,0.0005,adam,0.0,0,val,ssim_imag,0.3454652331411714,0.0761729859329563
verify_8a76904409,verify,classical_cs,classical_cs,8,64,False,True,True,0.1,gaussian1d,0.2,mse_l1,40,0.0005,adam,0.0,0,val,nmse,0.7993240867875563,0.0271436125292007
verify_8a76904409,verify,classical_cs,classical_cs,8,64,False,True,True,0.1,gaussian1d,0.2,mse_l1,40,0.0005,adam,0.0,0,test,psnr_real,21.503156929335336,1.8321735480452008
verify_8a76904409,verify,classical_cs,classical_cs,8,64,False,True,True,0.1,gaussian1d,0.2,mse_l1,40,0.0005,adam,0.0,0,test,psnr_imag,30.35811070717528,2.084844293196532
verify_8a76904409,verify,classical_cs,classical_cs,8,64,False,True,True,0.1,gaussian1d,0.2,mse_l1,40,0.0005,adam,0.0,0,test,ssim_real,0.2982418965002732,0.0786567295344084
verify_8a76904409,verify,classical_cs,classical_cs,8,64,False,True,True,0.1,gaussian1d,0.2,mse_l1,40,0.0005,adam,0.0,0,test,ssim_imag,0.3481481107084322,0.0729839455923918
verify_8a76904409,verify,classical_cs,classical_cs,8,64,False,True,True,0.1,gaussian1d,0.2,mse_l1,40,0.0005,adam,0.0,0,test,nmse,0.7992470169665923,0.0262659970870029
verify_8a76904409,verify,zero_filled,classical_cs,8,64,False,True,True,0.1,gaussian1d,0.2,mse_l1,40,0.0005,adam,0.0,0,test,psnr_real,21.50856849638488,1.8298294844806688
verify_8a76904409,verify,zero_filled,classical_cs,8,64,False,True,True,0.1,gaussian1d,0.2,mse_l1,40,0.0005,adam,0.0,0,test,psnr_imag,30.390463649478416,2.0871202317882243
verify_8a76904409,verify,zero_filled,classical_cs,8,64,False,True,True,0.1,gaussian1d,0.2,mse_l1,40,0.0005,adam,0.0,0,test,ssim_real,0.2971664050819984,0.0790501094279452
verify_8a76904409,verify,zero_filled,classical_cs,8,64,False,True,True,0.1,gaussian1d,0.2,mse_l1,40,0.0005,adam,0.0,0,test,ssim_imag,0.3492766627457351,0.0729403628103472
verify_8a76904409,verify,zero_filled,classical_cs,8,64,False,True,True,0.1,gaussian1d,0.2,mse_l1,40,0.0005,adam,0.0,0,test,nmse,0.7976990125169315,0.0262881442675602
baseline_tuning_d4eb8d2b45,baseline_tuning,classical_cs_tv,classical_cs_tv,8,64,False,True,True,0.1,gaussian1d,0.3,mse_l1,40,0.0005,adam,0.0,0,val,psnr_real,22.05355482957557,2.088183029229853
baseline_tuning_d4eb8d2b45,baseline_tuning,classical_cs_tv,classical_cs_tv,8,64,False,True,True,0.1,gaussian1d,0.3,mse_l1,40,0.0005,adam,0.0,0,val,psnr_imag,31.58633539124172,2.5800382832918536
baseline_tuning_d4eb8d2b45,baseline_tuning,classical_cs_tv,classical_cs_tv,8,64,False,True,True,0.1,gaussian1d,0.3,mse_l1,40,0.0005,adam,0.0,0,val,ssim_real,0.3111754383479628,0.0791325726280379
baseline_tuning_d4eb8d2b45,baseline_tuning,classical_cs_tv,classical_cs_tv,8,64,False,True,True,0.1,gaussian1d,0.3,mse_l1,40,0.0005,adam,0.0,0,val,ssim_imag,0.3766822588157554,0.0768711852512801
baseline_tuning_d4eb8d2b45,baseline_tuning,classical_cs_tv,classical_cs_tv,8,64,False,True,True,0.1,gaussian1d,0.3,mse_l1,40,0.0005,adam,0.0,0,val,nmse,0.700283889232946,0.0433547817784443
baseline_tuning_d4eb8d2b45,baseline_tuning,classical_cs_tv,classical_cs_tv,8,64,False,True,True,0.1,gaussian1d,0.3,mse_l1,40,0.0005,adam,0.0,0,test,psnr_real,21.99905751838844,1.921125569380639
baseline_tuning_d4eb8d2b45,baseline_tuning,classical_cs_tv,classical_cs_tv,8,64,False,True,True,0.1,gaussian1d,0.3,mse_l1,40,0.0005,adam,0.0,0,test,psnr_imag,31.48667347481061,2.4128996714495625
baseline_tuning_d4eb8d2b45,baseline_tuning,classical_cs_tv,classical_cs_tv,8,64,False,True,True,0.1,gaussian1d,0.3,mse_l1,40,0.0005,adam,0.0,0,test,ssim_real,0.3166744724601881,0.0781078215270421
baseline_tuning_d4eb8d2b45,baseline_tuning,classical_cs_tv,classical_cs_tv,8,64,False,True,True,0.1,gaussian1d,0.3,mse_l1,40,0.0005,adam,0.0,0,test,ssim_imag,0.378115662564543,0.0713488362536409
baseline_tuning_d4eb8d2b45,baseline_tuning,classical_cs_tv,classical_cs_tv,8,64,False,True,True,0.1,gaussian1d,0.3,mse_l1,40,0.0005,adam,0.0,0,test,nmse,0.7030663071317154,0.0355287037546343
baseline_tuning_d4eb8d2b45,baseline_tuning,zero_filled,classical_cs_tv,8,64,False,True,True,0.1,gaussian1d,0.3,mse_l1,40,0.0005,adam,0.0,0,test,psnr_real,21.60755972682681,1.8443774653523937
baseline_tuning_d4eb8d2b45,baseline_tuning,zero_filled,classical_cs_tv,8,64,False,True,True,0.1,gaussian1d,0.3,mse_l1,40,0.0005,adam,0.0,0,test,psnr_imag,30.377767107975533,2.0848292233403383
baseline_tuning_d4eb8d2b45,baseline_tuning,zero_filled,classical_cs_tv,8,64,False,True,True,0.1,gaussian1d,0.3,mse_l1,40,0.0005,adam,0.0,0,test,ssim_real,0.3017083461158694,0.0797648775165876
baseline_tuning_d4eb8d2b45,baseline_tuning,zero_filled,classical_cs_tv,8,64,False,True,True,0.1,gaussian1d,0.3,mse_l1,40,0.0005,adam,0.0,0,test,ssim_imag,0.3461612068023142,0.0740118258339385
baseline_tuning_d4eb8d2b45,baseline_tuning,zero_filled,classical_cs_tv,8,64,False,True,True,0.1,gaussian1d,0.3,mse_l1,40,0.0005,adam,0.0,0,test,nmse,0.7820399040706986,0.025187587939406
baseline_tuning_5a1a0a72fd,baseline_tuning,classical_cs_tv,classical_cs_tv,8,64,False,True,True,0.1,gaussian1d,0.3,mse_l1,40,0.0005,adam,0.0,0,val,psnr_real,22.19767711854429,2.042282380341266
baseline_tuning_5a1a0a72fd,baseline_tuning,classical_cs_tv,classical_cs_tv,8,64,False,True,True,0.1,gaussian1d,0.3,mse_l1,40,0.0005,adam,0.0,0,val,psnr_imag,32.16935553978779,2.463781304538331
baseline_tuning_5a1a0a72fd,baseline_tuning,classical_cs_tv,classical_cs_tv,8,64,False,True,True,0.1,gaussian1d,0.3,mse_l1,40,0.0005,adam,0.0,0,val,ssim_real,0.2878732558705363,0.0680392401007981
baseline_tuning_5a1a0a72fd,baseline_tuning,classical_cs_tv,classical_cs_tv,8,64,False,True,True,0.1,gaussian1d,0.3,mse_l1,40,0.0005,adam,0.0,0,val,ssim_imag,0.3745580273592895,0.0734444080502305
baseline_tuning_5a1a0a72fd,baseline_tuning,classical_cs_tv,classical_cs_tv,8,64,False,True,True,0.1,gaussian1d,0.3,mse_l1,40,0.0005,adam,0.0,0,val,nmse,0.6707582664141326,0.0419348969413317
baseline_tuning_5a1a0a72fd,baseline_tuning,classical_cs_tv,classical_cs_tv,8,64,False,True,True,0.1,gaussian1d,0.3,mse_l1,40,0.0005,adam,0.0,0,test,psnr_real,22.146211145313217,1.883762201925067
baseline_tuning_5a1a0a72fd,baseline_tuning,classical_cs_tv,classical_cs_tv,8,64,False,True,True,0.1,gaussian1d,0.3,mse_l1,40,0.0005,adam,0.0,0,test,psnr_imag,32.081360206444394,2.3309795157124555
baseline_tuning_5a1a0a72fd,baseline_tuning,classical_cs_tv,classical_cs_tv,8,64,False,True,True,0.1,gaussian1d,0.3,mse_l1,40,0.0005,adam,0.0,0,test,ssim_real,0.2930006964997267,0.0674508826376921
baseline_tuning_5a1a0a72fd,baseline_tuning,classical_cs_tv,classical_cs_tv,8,64,False,True,True,0.1,gaussian1d,0.3,mse_l1,40,0.0005,adam,0.0,0,test,ssim_imag,0.3754053513001198,0.0674158040491003
baseline_tuning_5a1a0a72fd,baseline_tuning,classical_cs_tv,classical_cs_tv,8,64,False,True,True,0.1,gaussian1d,0.3,mse_l1,40,0.0005,adam,0.0,0,test,nmse,0.6728988869669048,0.035960436088662
baseline_tuning_5a1a0a72fd,baseline_tuning,zero_filled,classical_cs_tv,8,64,False,True,True,0.1,gaussian1d,0.3,mse_l1,40,0.0005,adam,0.0,0,test,psnr_real,21.60755972682681,1.8443774653523937
baseline_tuning_5a1a0a72fd,baseline_tuning,zero_filled,classical_cs_tv,8,64,False,True,True,0.1,gaussian1d,0.3,mse_l1,40,0.0005,adam,0.0,0,test,psnr_imag,30.377767107975533,2.0848292233403383
baseline_tuning_5a1a0a72fd,baseline_tuning,zero_filled,classical_cs_tv,8,64,False,True,True,0.1,gaussian1d,0.3,mse_l1,40,0.0005,adam,0.0,0,test,ssim_real,0.3017083461158694,0.0797648775165876
baseline_tuning_5a1a0a72fd,baseline_tuning,zero_filled,classical_cs_tv,8,64,False,True,True,0.1,gaussian1d,0.3,mse_l1,40,0.0005,adam,0.0,0,test,ssim_imag,0.3461612068023142,0.0740118258339385
baseline_tuning_5a1a0a72fd,baseline_tuning,zero_filled,classical_cs_tv,8,64,False,True,True,0.1,gaussian1d,0.3,mse_l1,40,0.0005,adam,0.0,0,test,nmse,0.7820399040706986,0.025187587939406
baseline_tuning_50227eac1e,baseline_tuning,classical_cs_tv,classical_cs_tv,8,64,False,True,True,0.1,gaussian1d,0.3,mse_l1,40,0.0005,adam,0.0,0,val,psnr_real,22.08884763219909,1.9705756297950927
baseline_tuning_50227eac1e,baseline_tuning,classical_cs_tv,classical_cs_tv,8,64,False,True,True,0.1,gaussian1d,0.3,mse_l1,40,0.0005,adam,0.0,0,val,psnr_imag,31.7875138603322,2.209785914099947
baseline_tuning_50227eac1e,baseline_tuning,classical_cs_tv,classical_cs_tv,8,64,False,True,True,0.1,gaussian1d,0.3,mse_l1,40,0.0005,adam,0.0,0,val,ssim_real,0.2848627811651638,0.0694326817340175
baseline_tuning_50227eac1e,baseline_tuning,classical_cs_tv,classical_cs_tv,8,64,False,True,True,0.1,gaussian1d,0.3,mse_l1,40,0.0005,adam,0.0,0,val,ssim_imag,0.3637836313882302,0.0703184519716382
baseline_tuning_50227eac1e,baseline_tuning,classical_cs_tv,classical_cs_tv,8,64,False,True,True,0.1,gaussian1d,0.3,mse_l1,40,0.0005,adam,0.0,0,val,nmse,0.6914677739392243,0.0422496368743496
baseline_tuning_50227eac1e,baseline_tuning,classical_cs_tv,classical_cs_tv,8,64,False,True,True,0.1,gaussian1d,0.3,mse_l1,40,0.0005,adam,0.0,0,test,psnr_real,22.041837492747288,1.825492221797006
baseline_tuning_50227eac1e,baseline_tuning,classical_cs_tv,classical_cs_tv,8,64,False,True,True,0.1,gaussian1d,0.3,mse_l1,40,0.0005,adam,0.0,0,test,psnr_imag,31.71316871483456,2.104172063500849
baseline_tuning_50227eac1e,baseline_tuning,classical_cs_tv,classical_cs_tv,8,64,False,True,True,0.1,gaussian1d,0.3,mse_l1,40,0.0005,adam,0.0,0,test,ssim_real,0.2899177808267801,0.0689015870520766
baseline_tuning_50227eac1e,baseline_tuning,classical_cs_tv,classical_cs_tv,8,64,False,True,True,0.1,gaussian1d,0.3,mse_l1,40,0.0005,adam,0.0,0,test,ssim_imag,0.36467504463934,0.0657436737061853
baseline_tuning_50227eac1e,baseline_tuning,classical_cs_tv,classical_cs_tv,8,64,False,True,True,0.1,gaussian1d,0.3,mse_l1,40,0.0005,adam,0.0,0,test,nmse,0.6930005893298273,0.0381996862767591
baseline_tuning_50227eac1e,baseline_tuning,zero_filled,classical_cs_tv,8,64,False,True,True,0.1,gaussian1d,0.3,mse_l1,40,0.0005,adam,0.0,0,test,psnr_real,21.60755972682681,1.8443774653523937
baseline_tuning_50227eac1e,baseline_tuning,zero_filled,classical_cs_tv,8,64,False,True,True,0.1,gaussian1d,0.3,mse_l1,40,0.0005,adam,0.0,0,test,psnr_imag,30.377767107975533,2.0848292233403383
baseline_tuning_50227eac1e,baseline_tuning,zero_filled,classical_cs_tv,8,64,False,True,True,0.1,gaussian1d,0.3,mse_l1,40,0.0005,adam,0.0,0,test,ssim_real,0.3017083461158694,0.0797648775165876
baseline_tuning_50227eac1e,baseline_tuning,zero_filled,classical_cs_tv,8,64,False,True,True,0.1,gaussian1d,0.3,mse_l1,40,0.0005,adam,0.0,0,test,ssim_imag,0.3461612068023142,0.0740118258339385
baseline_tuning_50227eac1e,baseline_tuning,zero_filled,classical_cs_tv,8,64,False,True,True,0.1,gaussian1d,0.3,mse_l1,40,0.0005,adam,0.0,0,test,nmse,0.7820399040706986,0.025187587939406
baseline_tuning_a6a36c51bd,baseline_tuning,classical_cs_tv,classical_cs_tv,8,64,False,True,True,0.1,gaussian1d,0.3,mse_l1,40,0.0005,adam,0.0,0,val,psnr_real,22.0875617009364,2.083121140305598
baseline_tuning_a6a36c51bd,baseline_tuning,classical_cs_tv,classical_cs_tv,8,64,False,True,True,0.1,gaussian1d,0.3,mse_l1,40,0.0005,adam,0.0,0,val,psnr_imag,31.7697550747738,2.601624066588508
baseline_tuning_a6a36c51bd,baseline_tuning,classical_cs_tv,classical_cs_tv,8,64,False,True,True,0.1,gaussian1d,0.3,mse_l1,40,0.0005,adam,0.0,0,val,ssim_real,0.3028324745393247,0.0760908561051941
baseline_tuning_a6a36c51bd,baseline_tuning,classical_cs_tv,classical_cs_tv,8,64,False,True,True,0.1,gaussian1d,0.3,mse_l1,40,0.0005,adam,0.0,0,val,ssim_imag,0.3781353524246395,0.0775065299503224
baseline_tuning_a6a36c51bd,baseline_tuning,classical_cs_tv,classical_cs_tv,8,64,False,True,True,0.1,gaussian1d,0.3,mse_l1,40,0.0005,adam,0.0,0,val,nmse,0.6926209455616539,0.0440314644239471
baseline_tuning_a6a36c51bd,baseline_tuning,classical_cs_tv,classical_cs_tv,8,64,False,True,True,0.1,gaussian1d,0.3,mse_l1,40,0.0005,adam,0.0,0,test,psnr_real,22.03359796212807,1.917499200566728
baseline_tuning_a6a36c51bd,baseline_tuning,classical_cs_tv,classical_cs_tv,8,64,False,True,True,0.1,gaussian1d,0.3,mse_l1,40,0.0005,adam,0.0,0,test,psnr_imag,31.667906884867776,2.4363965297913293
baseline_tuning_a6a36c51bd,baseline_tuning,classical_cs_tv,classical_cs_tv,8,64,False,True,True,0.1,gaussian1d,0.3,mse_l1,40,0.0005,adam,0.0,0,test,ssim_real,0.3081599416748998,0.0753579859216636
baseline_tuning_a6a36c51bd,baseline_tuning,classical_cs_tv,classical_cs_tv,8,64,False,True,True,0.1,gaussian1d,0.3,mse_l1,40,0.0005,adam,0.0,0,test,ssim_imag,0.3794143815606707,0.0714549511049325
baseline_tuning_a6a36c51bd,baseline_tuning,classical_cs_tv,classical_cs_tv,8,64,False,True,True,0.1,gaussian1d,0.3,mse_l1,40,0.0005,adam,0.0,0,test,nmse,0.6953136973301237,0.0365671864346446
baseline_tuning_a6a36c51bd,baseline_tuning,zero_filled,classical_cs_tv,8,64,False,True,True,0.1,gaussian1d,0.3,mse_l1,40,0.0005,adam,0.0,0,test,psnr_real,21.60755972682681,1.8443774653523937
baseline_tuning_a6a36c51bd,baseline_tuning,zero_filled,classical_cs_tv,8,64,False,True,True,0.1,gaussian1d,0.3,mse_l1,40,0.0005,adam,0.0,0,test,psnr_imag,30.377767107975533,2.0848292233403383
baseline_tuning_a6a36c51bd,baseline_tuning,zero_filled,classical_cs_tv,8,64,False,True,True,0.1,gaussian1d,0.3,mse_l1,40,0.0005,adam,0.0,0,test,ssim_real,0.3017083461158694,0.0797648775165876
baseline_tuning_a6a36c51bd,baseline_tuning,zero_filled,classical_cs_tv,8,64,False,True,True,0.1,gaussian1d,0.3,mse_l1,40,0.0005,adam,0.0,0,test,ssim_imag,0.3461612068023142,0.0740118258339385
baseline_tuning_a6a36c51bd,baseline_tuning,zero_filled,classical_cs_tv,8,64,False,True,True,0.1,gaussian1d,0.3,mse_l1,40,0.0005,adam,0.0,0,test,nmse,0.7820399040706986,0.025187587939406
baseline_tuning_08bb4f2219,baseline_tuning,classical_cs_tv,classical_cs_tv,8,64,False,True,True,0.1,gaussian1d,0.3,mse_l1,40,0.0005,adam,0.0,0,val,psnr_real,22.235069665132336,2.03801348515116
baseline_tuning_08bb4f2219,baseline_tuning,classical_cs_tv,classical_cs_tv,8,64,False,True,True,0.1,gaussian1d,0.3,mse_l1,40,0.0005,adam,0.0,0,val,psnr_imag,32.37501495616172,2.472099290859952
baseline_tuning_08bb4f2219,baseline_tuning,classical_cs_tv,classical_cs_tv,8,64,False,True,True,0.1,gaussian1d,0.3,mse_l1,40,0.0005,adam,0.0,0,val,ssim_real,0.2816735429218766,0.0645397999563453
baseline_tuning_08bb4f2219,baseline_tuning,classical_cs_tv,classical_cs_tv,8,64,False,True,True,0.1,gaussian1d,0.3,mse_l1,40,0.0005,adam,0.0,0,val,ssim_imag,0.3775820758870349,0.0740551851111619
baseline_tuning_08bb4f2219,baseline_tuning,classical_cs_tv,classical_cs_tv,8,64,False,True,True,0.1,gaussian1d,0.3,mse_l1,40,0.0005,adam,0.0,0,val,nmse,0.6627916736617715,0.0423692400774041
baseline_tuning_08bb4f2219,baseline_tuning,classical_cs_tv,classical_cs_tv,8,64,False,True,True,0.1,gaussian1d,0.3,mse_l1,40,0.0005,adam,0.0,0,test,psnr_real,22.18475465495217,1.8816243290069543
baseline_tuning_08bb4f2219,baseline_tuning,classical_cs_tv,classical_cs_tv,8,64,False,True,True,0.1,gaussian1d,0.3,mse_l1,40,0.0005,adam,0.0,0,test,psnr_imag,32.28662015204649,2.345114387439108
baseline_tuning_08bb4f2219,baseline_tuning,classical_cs_tv,classical_cs_tv,8,64,False,True,True,0.1,gaussian1d,0.3,mse_l1,40,0.0005,adam,0.0,0,test,ssim_real,0.2864083563558227,0.0640712328220568
baseline_tuning_08bb4f2219,baseline_tuning,classical_cs_tv,classical_cs_tv,8,64,False,True,True,0.1,gaussian1d,0.3,mse_l1,40,0.0005,adam,0.0,0,test,ssim_imag,0.3781432371633322,0.0678603651282713
baseline_tuning_08bb4f2219,baseline_tuning,classical_cs_tv,classical_cs_tv,8,64,False,True,True,0.1,gaussian1d,0.3,mse_l1,40,0.0005,adam,0.0,0,test,nmse,0.6647530077142196,0.0367393048202182
baseline_tuning_08bb4f2219,baseline_tuning,zero_filled,classical_cs_tv,8,64,False,True,True,0.1,gaussian1d,0.3,mse_l1,40,0.0005,adam,0.0,0,test,psnr_real,21.60755972682681,1.8443774653523937
baseline_tuning_08bb4f2219,baseline_tuning,zero_filled,classical_cs_tv,8,64,False,True,True,0.1,gaussian1d,0.3,mse_l1,40,0.0005,adam,0.0,0,test,psnr_imag,30.377767107975533,2.0848292233403383
baseline_tuning_08bb4f2219,baseline_tuning,zero_filled,classical_cs_tv,8,64,False,True,True,0.1,gaussian1d,0.3,mse_l1,40,0.0005,adam,0.0,0,test,ssim_real,0.3017083461158694,0.0797648775165876
baseline_tuning_08bb4f2219,baseline_tuning,zero_filled,classical_cs_tv,8,64,False,True,True,0.1,gaussian1d,0.3,mse_l1,40,0.0005,adam,0.0,0,test,ssim_imag,0.3461612068023142,0.0740118258339385
baseline_tuning_08bb4f2219,baseline_tuning,zero_filled,classical_cs_tv,8,64,False,True,True,0.1,gaussian1d,0.3,mse_l1,40,0.0005,adam,0.0,0,test,nmse,0.7820399040706986,0.025187587939406
baseline_tuning_c942760de0,baseline_tuning,classical_cs_tv,classical_cs_tv,8,64,False,True,True,0.1,gaussian1d,0.3,mse_l1,40,0.0005,adam,0.0,0,val,psnr_real,22.112973720892985,1.9688060452679057
baseline_tuning_c942760de0,baseline_tuning,classical_cs_tv,classical_cs_tv,8,64,False,True,True,0.1,gaussian1d,0.3,mse_l1,40,0.0005,adam,0.0,0,val,psnr_imag,31.90790202672397,2.212914671384263
baseline_tuning_c942760de0,baseline_tuning,classical_cs_tv,classical_cs_tv,8,64,False,True,True,0.1,gaussian1d,0.3,mse_l1,40,0.0005,adam,0.0,0,val,ssim_real,0.2814184663066784,0.0677457724274769
baseline_tuning_c942760de0,baseline_tuning,classical_cs_tv,classical_cs_tv,8,64,False,True,True,0.1,gaussian1d,0.3,mse_l1,40,0.0005,adam,0.0,0,val,ssim_imag,0.3660375060268633,0.0705414371022982
baseline_tuning_c942760de0,baseline_tuning,classical_cs_tv,classical_cs_tv,8,64,False,True,True,0.1,gaussian1d,0.3,mse_l1,40,0.0005,adam,0.0,0,val,nmse,0.6862494154737986,0.0426635726381044
baseline_tuning_c942760de0,baseline_tuning,classical_cs_tv,classical_cs_tv,8,64,False,True,True,0.1,gaussian1d,0.3,mse_l1,40,0.0005,adam,0.0,0,test,psnr_real,22.06707942036904,1.825277775947523
baseline_tuning_c942760de0,baseline_tuning,classical_cs_tv,classical_cs_tv,8,64,False,True,True,0.1,gaussian1d,0.3,mse_l1,40,0.0005,adam,0.0,0,test,psnr_imag,31.83264535241546,2.112531459724854
baseline_tuning_c942760de0,baseline_tuning,classical_cs_tv,classical_cs_tv,8,64,False,True,True,0.1,gaussian1d,0.3,mse_l1,40,0.0005,adam,0.0,0,test,ssim_real,0.2860810968354656,0.0672569123301943
baseline_tuning_c942760de0,baseline_tuning,classical_cs_tv,classical_cs_tv,8,64,False,True,True,0.1,gaussian1d,0.3,mse_l1,40,0.0005,adam,0.0,0,test,ssim_imag,0.3667717403323082,0.065975617473389
baseline_tuning_c942760de0,baseline_tuning,classical_cs_tv,classical_cs_tv,8,64,False,True,True,0.1,gaussian1d,0.3,mse_l1,40,0.0005,adam,0.0,0,test,nmse,0.6876246722173491,0.0387630483914942
baseline_tuning_c942760de0,baseline_tuning,zero_filled,classical_cs_tv,8,64,False,True,True,0.1,gaussian1d,0.3,mse_l1,40,0.0005,adam,0.0,0,test,psnr_real,21.60755972682681,1.8443774653523937
baseline_tuning_c942760de0,baseline_tuning,zero_filled,classical_cs_tv,8,64,False,True,True,0.1,gaussian1d,0.3,mse_l1,40,0.0005,adam,0.0,0,test,psnr_imag,30.377767107975533,2.0848292233403383
baseline_tuning_c942760de0,baseline_tuning,zero_filled,classical_cs_tv,8,64,False,True,True,0.1,gaussian1d,0.3,mse_l1,40,0.0005,adam,0.0,0,test,ssim_real,0.3017083461158694,0.0797648775165876
baseline_tuning_c942760de0,baseline_tuning,zero_filled,classical_cs_tv,8,64,False,True,True,0.1,gaussian1d,0.3,mse_l1,40,0.0005,adam,0.0,0,test,ssim_imag,0.3461612068023142,0.0740118258339385
baseline_tuning_c942760de0,baseline_tuning,zero_filled,classical_cs_tv,8,64,False,True,True,0.1,gaussian1d,0.3,mse_l1,40,0.0005,adam,0.0,0,test,nmse,0.7820399040706986,0.025187587939406
baseline_tuning_5473c8ab7e,baseline_tuning,classical_cs_tv,classical_cs_tv,8,64,False,True,True,0.1,gaussian1d,0.3,mse_l1,40,0.0005,adam,0.0,0,val,psnr_real,22.030853609949165,2.0510512670212395
baseline_tuning_5473c8ab7e,baseline_tuning,classical_cs_tv,classical_cs_tv,8,64,False,True,True,0.1,gaussian1d,0.3,mse_l1,40,0.0005,adam,0.0,0,val,psnr_imag,31.649384309454103,2.5007650055895034
baseline_tuning_5473c8ab7e,baseline_tuning,classical_cs_tv,classical_cs_tv,8,64,False,True,True,0.1,gaussian1d,0.3,mse_l1,40,0.0005,adam,0.0,0,val,ssim_real,0.2957703996613031,0.0741489184197736
baseline_tuning_5473c8ab7e,baseline_tuning,classical_cs_tv,classical_cs_tv,8,64,False,True,True,0.1,gaussian1d,0.3,mse_l1,40,0.0005,adam,0.0,0,val,ssim_imag,0.3755170161328385,0.0759749629916011
baseline_tuning_5473c8ab7e,baseline_tuning,classical_cs_tv,classical_cs_tv,8,64,False,True,True,0.1,gaussian1d,0.3,mse_l1,40,0.0005,adam,0.0,0,val,nmse,0.7024720111445744,0.0422597270034223
baseline_tuning_5473c8ab7e,baseline_tuning,classical_cs_tv,classical_cs_tv,8,64,False,True,True,0.1,gaussian1d,0.3,mse_l1,40,0.0005,adam,0.0,0,test,psnr_real,21.97955108387201,1.8933299961726195
baseline_tuning_5473c8ab7e,baseline_tuning,classical_cs_tv,classical_cs_tv,8,64,False,True,True,0.1,gaussian1d,0.3,mse_l1,40,0.0005,adam,0.0,0,test,psnr_imag,31.55160212816055,2.355865009250748
baseline_tuning_5473c8ab7e,baseline_tuning,classical_cs_tv,classical_cs_tv,8,64,False,True,True,0.1,gaussian1d,0.3,mse_l1,40,0.0005,adam,0.0,0,test,ssim_real,0.3008634843960965,0.0734578763332056
baseline_tuning_5473c8ab7e,baseline_tuning,classical_cs_tv,classical_cs_tv,8,64,False,True,True,0.1,gaussian1d,0.3,mse_l1,40,0.0005,adam,0.0,0,test,ssim_imag,0.3766912126516198,0.0704021832240551
baseline_tuning_5473c8ab7e,baseline_tuning,classical_cs_tv,classical_cs_tv,8,64,False,True,True,0.1,gaussian1d,0.3,mse_l1,40,0.0005,adam,0.0,0,test,nmse,0.704896849443723,0.0361376892590512
baseline_tuning_5473c8ab7e,baseline_tuning,zero_filled,classical_cs_tv,8,64,False,True,True,0.1,gaussian1d,0.3,mse_l1,40,0.0005,adam,0.0,0,test,psnr_real,21.60755972682681,1.8443774653523937
baseline_tuning_5473c8ab7e,baseline_tuning,zero_filled,classical_cs_tv,8,64,False,True,True,0.1,gaussian1d,0.3,mse_l1,40,0.0005,adam,0.0,0,test,psnr_imag,30.377767107975533,2.0848292233403383
baseline_tuning_5473c8ab7e,baseline_tuning,zero_filled,classical_cs_tv,8,64,False,True,True,0.1,gaussian1d,0.3,mse_l1,40,0.0005,adam,0.0,0,test,ssim_real,0.3017083461158694,0.0797648775165876
baseline_tuning_5473c8ab7e,baseline_tuning,zero_filled,classical_cs_tv,8,64,False,True,True,0.1,gaussian1d,0.3,mse_l1,40,0.0005,adam,0.0,0,test,ssim_imag,0.3461612068023142,0.0740118258339385
baseline_tuning_5473c8ab7e,baseline_tuning,zero_filled,classical_cs_tv,8,64,False,True,True,0.1,gaussian1d,0.3,mse_l1,40,0.0005,adam,0.0,0,test,nmse,0.7820399040706986,0.025187587939406
baseline_tuning_626df55ce1,baseline_tuning,classical_cs_tv,classical_cs_tv,8,64,False,True,True,0.1,gaussian1d,0.3,mse_l1,40,0.0005,adam,0.0,0,val,psnr_real,22.227744988459385,2.021798045140415
baseline_tuning_626df55ce1,baseline_tuning,classical_cs_tv,classical_cs_tv,8,64,False,True,True,0.1,gaussian1d,0.3,mse_l1,40,0.0005,adam,0.0,0,val,psnr_imag,32.45522760697845,2.441131505933047
baseline_tuning_626df55ce1,baseline_tuning,classical_cs_tv,classical_cs_tv,8,64,False,True,True,0.1,gaussian1d,0.3,mse_l1,40,0.0005,adam,0.0,0,val,ssim_real,0.2749428083043009,0.0621843444363715
baseline_tuning_626df55ce1,baseline_tuning,classical_cs_tv,classical_cs_tv,8,64,False,True,True,0.1,gaussian1d,0.3,mse_l1,40,0.0005,adam,0.0,0,val,ssim_imag,0.3789354876025982,0.0744134462906015
baseline_tuning_626df55ce1,baseline_tuning,classical_cs_tv,classical_cs_tv,8,64,False,True,True,0.1,gaussian1d,0.3,mse_l1,40,0.0005,adam,0.0,0,val,nmse,0.6627927494696138,0.0427393442266534
baseline_tuning_626df55ce1,baseline_tuning,classical_cs_tv,classical_cs_tv,8,64,False,True,True,0.1,gaussian1d,0.3,mse_l1,40,0.0005,adam,0.0,0,test,psnr_real,22.180140503280832,1.8721636851958705
baseline_tuning_626df55ce1,baseline_tuning,classical_cs_tv,classical_cs_tv,8,64,False,True,True,0.1,gaussian1d,0.3,mse_l1,40,0.0005,adam,0.0,0,test,psnr_imag,32.36573465897947,2.33062866463985
baseline_tuning_626df55ce1,baseline_tuning,classical_cs_tv,classical_cs_tv,8,64,False,True,True,0.1,gaussian1d,0.3,mse_l1,40,0.0005,adam,0.0,0,test,ssim_real,0.2790119887084143,0.0615483048778378
baseline_tuning_626df55ce1,baseline_tuning,classical_cs_tv,classical_cs_tv,8,64,False,True,True,0.1,gaussian1d,0.3,mse_l1,40,0.0005,adam,0.0,0,test,ssim_imag,0.3792502895371684,0.068523462290108
baseline_tuning_626df55ce1,baseline_tuning,classical_cs_tv,classical_cs_tv,8,64,False,True,True,0.1,gaussian1d,0.3,mse_l1,40,0.0005,adam,0.0,0,test,nmse,0.6644487736364788,0.0378516554378568
baseline_tuning_626df55ce1,baseline_tuning,zero_filled,classical_cs_tv,8,64,False,True,True,0.1,gaussian1d,0.3,mse_l1,40,0.0005,adam,0.0,0,test,psnr_real,21.60755972682681,1.8443774653523937
baseline_tuning_626df55ce1,baseline_tuning,zero_filled,classical_cs_tv,8,64,False,True,True,0.1,gaussian1d,0.3,mse_l1,40,0.0005,adam,0.0,0,test,psnr_imag,30.377767107975533,2.0848292233403383
baseline_tuning_626df55ce1,baseline_tuning,zero_filled,classical_cs_tv,8,64,False,True,True,0.1,gaussian1d,0.3,mse_l1,40,0.0005,adam,0.0,0,test,ssim_real,0.3017083461158694,0.0797648775165876
baseline_tuning_626df55ce1,baseline_tuning,zero_filled,classical_cs_tv,8,64,False,True,True,0.1,gaussian1d,0.3,mse_l1,40,0.0005,adam,0.0,0,test,ssim_imag,0.3461612068023142,0.0740118258339385
baseline_tuning_626df55ce1,baseline_tuning,zero_filled,classical_cs_tv,8,64,False,True,True,0.1,gaussian1d,0.3,mse_l1,40,0.0005,adam,0.0,0,test,nmse,0.7820399040706986,0.025187587939406
baseline_tuning_d5b6d5d0be,baseline_tuning,classical_cs_tv,classical_cs_tv,8,64,False,True,True,0.1,gaussian1d,0.3,mse_l1,40,0.0005,adam,0.0,0,val,psnr_real,22.12793087809967,1.960095087603777
baseline_tuning_d5b6d5d0be,baseline_tuning,classical_cs_tv,classical_cs_tv,8,64,False,True,True,0.1,gaussian1d,0.3,mse_l1,40,0.0005,adam,0.0,0,val,psnr_imag,32.027082327761086,2.192685993927481
baseline_tuning_d5b6d5d0be,baseline_tuning,classical_cs_tv,classical_cs_tv,8,64,False,True,True,0.1,gaussian1d,0.3,mse_l1,40,0.0005,adam,0.0,0,val,ssim_real,0.2768108040281029,0.0661585251436784
baseline_tuning_d5b6d5d0be,baseline_tuning,classical_cs_tv,classical_cs_tv,8,64,False,True,True,0.1,gaussian1d,0.3,mse_l1,40,0.0005,adam,0.0,0,val,ssim_imag,0.3681902581192008,0.0708388071273582
baseline_tuning_d5b6d5d0be,baseline_tuning,classical_cs_tv,classical_cs_tv,8,64,False,True,True,0.1,gaussian1d,0.3,mse_l1,40,0.0005,adam,0.0,0,val,nmse,0.6824531327458663,0.0436430746634996
baseline_tuning_d5b6d5d0be,baseline_tuning,classical_cs_tv,classical_cs_tv,8,64,False,True,True,0.1,gaussian1d,0.3,mse_l1,40,0.0005,adam,0.0,0,test,psnr_real,22.083750317785032,1.820383026385168
baseline_tuning_d5b6d5d0be,baseline_tuning,classical_cs_tv,classical_cs_tv,8,64,False,True,True,0.1,gaussian1d,0.3,mse_l1,40,0.0005,adam,0.0,0,test,psnr_imag,31.94988132620456,2.102884252196091
baseline_tuning_d5b6d5d0be,baseline_tuning,classical_cs_tv,classical_cs_tv,8,64,False,True,True,0.1,gaussian1d,0.3,mse_l1,40,0.0005,adam,0.0,0,test,ssim_real,0.2810143586793704,0.0656741938081018
baseline_tuning_d5b6d5d0be,baseline_tuning,classical_cs_tv,classical_cs_tv,8,64,False,True,True,0.1,gaussian1d,0.3,mse_l1,40,0.0005,adam,0.0,0,test,ssim_imag,0.3686853539993573,0.066540304152925
baseline_tuning_d5b6d5d0be,baseline_tuning,classical_cs_tv,classical_cs_tv,8,64,False,True,True,0.1,gaussian1d,0.3,mse_l1,40,0.0005,adam,0.0,0,test,nmse,0.683614537680997,0.0400662824409912
baseline_tuning_d5b6d5d0be,baseline_tuning,zero_filled,classical_cs_tv,8,64,False,True,True,0.1,gaussian1d,0.3,mse_l1,40,0.0005,adam,0.0,0,test,psnr_real,21.60755972682681,1.8443774653523937
baseline_tuning_d5b6d5d0be,baseline_tuning,zero_filled,classical_cs_tv,8,64,False,True,True,0.1,gaussian1d,0.3,mse_l1,40,0.0005,adam,0.0,0,test,psnr_imag,30.377767107975533,2.0848292233403383
baseline_tuning_d5b6d5d0be,baseline_tuning,zero_filled,classical_cs_tv,8,64,False,True,True,0.1,gaussian1d,0.3,mse_l1,40,0.0005,adam,0.0,0,test,ssim_real,0.3017083461158694,0.0797648775165876
baseline_tuning_d5b6d5d0be,baseline_tuning,zero_filled,classical_cs_tv,8,64,False,True,True,0.1,gaussian1d,0.3,mse_l1,40,0.0005,adam,0.0,0,test,ssim_imag,0.3461612068023142,0.0740118258339385
baseline_tuning_d5b6d5d0be,baseline_tuning,zero_filled,classical_cs_tv,8,64,False,True,True,0.1,gaussian1d,0.3,mse_l1,40,0.0005,adam,0.0,0,test,nmse,0.7820399040706986,0.025187587939406
baseline_tuning_39b142db21,baseline_tuning,classical_cs_tv,classical_cs_tv,8,64,False,True,True,0.1,gaussian1d,0.3,mse_l1,40,0.0005,adam,0.0,0,val,psnr_real,22.04115498489029,1.987794681034165
baseline_tuning_39b142db21,baseline_tuning,classical_cs_tv,classical_cs_tv,8,64,False,True,True,0.1,gaussian1d,0.3,mse_l1,40,0.0005,adam,0.0,0,val,psnr_imag,31.797725924370432,2.3190526439502097
baseline_tuning_39b142db21,baseline_tuning,classical_cs_tv,classical_cs_tv,8,64,False,True,True,0.1,gaussian1d,0.3,mse_l1,40,0.0005,adam,0.0,0,val,ssim_real,0.2768588600085274,0.068701243311708
baseline_tuning_39b142db21,baseline_tuning,classical_cs_tv,classical_cs_tv,8,64,False,True,True,0.1,gaussian1d,0.3,mse_l1,40,0.0005,adam,0.0,0,val,ssim_imag,0.3713232940510071,0.0732840630756376
baseline_tuning_39b142db21,baseline_tuning,classical_cs_tv,classical_cs_tv,8,64,False,True,True,0.1,gaussian1d,0.3,mse_l1,40,0.0005,adam,0.0,0,val,nmse,0.6984182604917156,0.0400125654105816
baseline_tuning_39b142db21,baseline_tuning,classical_cs_tv,classical_cs_tv,8,64,False,True,True,0.1,gaussian1d,0.3,mse_l1,40,0.0005,adam,0.0,0,test,psnr_real,21.99904610222852,1.850562984673044
baseline_tuning_39b142db21,baseline_tuning,classical_cs_tv,classical_cs_tv,8,64,False,True,True,0.1,gaussian1d,0.3,mse_l1,40,0.0005,adam,0.0,0,test,psnr_imag,31.71571065192442,2.232235468517268
baseline_tuning_39b142db21,baseline_tuning,classical_cs_tv,classical_cs_tv,8,64,False,True,True,0.1,gaussian1d,0.3,mse_l1,40,0.0005,adam,0.0,0,test,ssim_real,0.2808135776277865,0.0678414981531524
baseline_tuning_39b142db21,baseline_tuning,classical_cs_tv,classical_cs_tv,8,64,False,True,True,0.1,gaussian1d,0.3,mse_l1,40,0.0005,adam,0.0,0,test,ssim_imag,0.3723349051246084,0.0695529731285368
baseline_tuning_39b142db21,baseline_tuning,classical_cs_tv,classical_cs_tv,8,64,False,True,True,0.1,gaussian1d,0.3,mse_l1,40,0.0005,adam,0.0,0,test,nmse,0.6994668837621122,0.0368044853115521
baseline_tuning_39b142db21,baseline_tuning,zero_filled,classical_cs_tv,8,64,False,True,True,0.1,gaussian1d,0.3,mse_l1,40,0.0005,adam,0.0,0,test,psnr_real,21.60755972682681,1.8443774653523937
baseline_tuning_39b142db21,baseline_tuning,zero_filled,classical_cs_tv,8,64,False,True,True,0.1,gaussian1d,0.3,mse_l1,40,0.0005,adam,0.0,0,test,psnr_imag,30.377767107975533,2.0848292233403383
baseline_tuning_39b142db21,baseline_tuning,zero_filled,classical_cs_tv,8,64,False,True,True,0.1,gaussian1d,0.3,mse_l1,40,0.0005,adam,0.0,0,test,ssim_real,0.3017083461158694,0.0797648775165876
baseline_tuning_39b142db21,baseline_tuning,zero_filled,classical_cs_tv,8,64,False,True,True,0.1,gaussian1d,0.3,mse_l1,40,0.0005,adam,0.0,0,test,ssim_imag,0.3461612068023142,0.0740118258339385
baseline_tuning_39b142db21,baseline_tuning,zero_filled,classical_cs_tv,8,64,False,True,True,0.1,gaussian1d,0.3,mse_l1,40,0.0005,adam,0.0,0,test,nmse,0.7820399040706986,0.025187587939406
baseline_tuning_071277c813,baseline_tuning,classical_cs_tv,classical_cs_tv,8,64,False,True,True,0.1,gaussian1d,0.3,mse_l1,40,0.0005,adam,0.0,0,val,psnr_real,21.77304259919424,1.9846030404707848
baseline_tuning_071277c813,baseline_tuning,classical_cs_tv,classical_cs_tv,8,64,False,True,True,0.1,gaussian1d,0.3,mse_l1,40,0.0005,adam,0.0,0,val,psnr_imag,30.80070291730208,2.268276656872078
baseline_tuning_071277c813,baseline_tuning,classical_cs_tv,classical_cs_tv,8,64,False,True,True,0.1,gaussian1d,0.3,mse_l1,40,0.0005,adam,0.0,0,val,ssim_real,0.2851741409127548,0.0773967475162976
baseline_tuning_071277c813,baseline_tuning,classical_cs_tv,classical_cs_tv,8,64,False,True,True,0.1,gaussian1d,0.3,mse_l1,40,0.0005,adam,0.0,0,val,ssim_imag,0.355043082682723,0.0756297495226776
baseline_tuning_071277c813,baseline_tuning,classical_cs_tv,classical_cs_tv,8,64,False,True,True,0.1,gaussian1d,0.3,mse_l1,40,0.0005,adam,0.0,0,val,nmse,0.7550884773935306,0.0325858780208552
baseline_tuning_071277c813,baseline_tuning,classical_cs_tv,classical_cs_tv,8,64,False,True,True,0.1,gaussian1d,0.3,mse_l1,40,0.0005,adam,0.0,0,test,psnr_real,21.735967288954985,1.8575227349666847
baseline_tuning_071277c813,baseline_tuning,classical_cs_tv,classical_cs_tv,8,64,False,True,True,0.1,gaussian1d,0.3,mse_l1,40,0.0005,adam,0.0,0,test,psnr_imag,30.733311840679853,2.190066729791252
baseline_tuning_071277c813,baseline_tuning,classical_cs_tv,classical_cs_tv,8,64,False,True,True,0.1,gaussian1d,0.3,mse_l1,40,0.0005,adam,0.0,0,test,ssim_real,0.290129059793186,0.0764934246868407
baseline_tuning_071277c813,baseline_tuning,classical_cs_tv,classical_cs_tv,8,64,False,True,True,0.1,gaussian1d,0.3,mse_l1,40,0.0005,adam,0.0,0,test,ssim_imag,0.3576634351990213,0.0728283549013466
baseline_tuning_071277c813,baseline_tuning,classical_cs_tv,classical_cs_tv,8,64,False,True,True,0.1,gaussian1d,0.3,mse_l1,40,0.0005,adam,0.0,0,test,nmse,0.7554051581785769,0.0313985933215361
baseline_tuning_071277c813,baseline_tuning,zero_filled,classical_cs_tv,8,64,False,True,True,0.1,gaussian1d,0.3,mse_l1,40,0.0005,adam,0.0,0,test,psnr_real,21.60755972682681,1.8443774653523937
baseline_tuning_071277c813,baseline_tuning,zero_filled,classical_cs_tv,8,64,False,True,True,0.1,gaussian1d,0.3,mse_l1,40,0.0005,adam,0.0,0,test,psnr_imag,30.377767107975533,2.0848292233403383
baseline_tuning_071277c813,baseline_tuning,zero_filled,classical_cs_tv,8,64,False,True,True,0.1,gaussian1d,0.3,mse_l1,40,0.0005,adam,0.0,0,test,ssim_real,0.3017083461158694,0.0797648775165876
baseline_tuning_071277c813,baseline_tuning,zero_filled,classical_cs_tv,8,64,False,True,True,0.1,gaussian1d,0.3,mse_l1,40,0.0005,adam,0.0,0,test,ssim_imag,0.3461612068023142,0.0740118258339385
baseline_tuning_071277c813,baseline_tuning,zero_filled,classical_cs_tv,8,64,False,True,True,0.1,gaussian1d,0.3,mse_l1,40,0.0005,adam,0.0,0,test,nmse,0.7820399040706986,0.025187587939406
comparison_b19aadf894,comparison,classical_cs_tv,classical_cs_tv,8,64,False,True,True,0.1,gaussian1d,0.2,mse_l1,40,0.0005,adam,0.0,0,val,psnr_real,21.96753063878834,1.985131957739744
comparison_b19aadf894,comparison,classical_cs_tv,classical_cs_tv,8,64,False,True,True,0.1,gaussian1d,0.2,mse_l1,40,0.0005,adam,0.0,0,val,psnr_imag,31.899442947483266,2.365875883886713
comparison_b19aadf894,comparison,classical_cs_tv,classical_cs_tv,8,64,False,True,True,0.1,gaussian1d,0.2,mse_l1,40,0.0005,adam,0.0,0,val,ssim_real,0.2808735050369901,0.0708332828997354
comparison_b19aadf894,comparison,classical_cs_tv,classical_cs_tv,8,64,False,True,True,0.1,gaussian1d,0.2,mse_l1,40,0.0005,adam,0.0,0,val,ssim_imag,0.3702433282871087,0.0731335830867228
comparison_b19aadf894,comparison,classical_cs_tv,classical_cs_tv,8,64,False,True,True,0.1,gaussian1d,0.2,mse_l1,40,0.0005,adam,0.0,0,val,nmse,0.7074618113065811,0.0403526811725447
comparison_b19aadf894,comparison,classical_cs_tv,classical_cs_tv,8,64,False,True,True,0.1,gaussian1d,0.2,mse_l1,40,0.0005,adam,0.0,0,test,psnr_real,21.926883829188647,1.84685598373772
comparison_b19aadf894,comparison,classical_cs_tv,classical_cs_tv,8,64,False,True,True,0.1,gaussian1d,0.2,mse_l1,40,0.0005,adam,0.0,0,test,psnr_imag,31.81782384896378,2.2506722637399963
comparison_b19aadf894,comparison,classical_cs_tv,classical_cs_tv,8,64,False,True,True,0.1,gaussian1d,0.2,mse_l1,40,0.0005,adam,0.0,0,test,ssim_real,0.2848033722038049,0.0702559361396627
comparison_b19aadf894,comparison,classical_cs_tv,classical_cs_tv,8,64,False,True,True,0.1,gaussian1d,0.2,mse_l1,40,0.0005,adam,0.0,0,test,ssim_imag,0.3705368427302548,0.0682746783257211
comparison_b19aadf894,comparison,classical_cs_tv,classical_cs_tv,8,64,False,True,True,0.1,gaussian1d,0.2,mse_l1,40,0.0005,adam,0.0,0,test,nmse,0.7082367728943605,0.0361843099516593
comparison_b19aadf894,comparison,zero_filled,classical_cs_tv,8,64,False,True,True,0.1,gaussian1d,0.2,mse_l1,40,0.0005,adam,0.0,0,test,psnr_real,21.50856849638488,1.8298294844806688
comparison_b19aadf894,comparison,zero_filled,classical_cs_tv,8,64,False,True,True,0.1,gaussian1d,0.2,mse_l1,40,0.0005,adam,0.0,0,test,psnr_imag,30.390463649478416,2.0871202317882243
comparison_b19aadf894,comparison,zero_filled,classical_cs_tv,8,64,False,True,True,0.1,gaussian1d,0.2,mse_l1,40,0.0005,adam,0.0,0,test,ssim_real,0.2971664050819984,0.0790501094279452
comparison_b19aadf894,comparison,zero_filled,classical_cs_tv,8,64,False,True,True,0.1,gaussian1d,0.2,mse_l1,40,0.0005,adam,0.0,0,test,ssim_imag,0.3492766627457351,0.0729403628103472
comparison_b19aadf894,comparison,zero_filled,classical_cs_tv,8,64,False,True,True,0.1,gaussian1d,0.2,mse_l1,40,0.0005,adam,0.0,0,test,nmse,0.7976990125169315,0.0262881442675602
comparison_c2b43bd547,comparison,classical_cs_tv,classical_cs_tv,8,64,False,True,True,0.1,gaussian1d,0.2,mse_l1,40,0.0005,adam,0.0,1,val,psnr_real,28.74365939178148,1.8190991285350804
comparison_c2b43bd547,comparison,classical_cs_tv,classical_cs_tv,8,64,False,True,True,0.1,gaussian1d,0.2,mse_l1,40,0.0005,adam,0.0,1,val,psnr_imag,33.076335962729566,2.477912052358321
comparison_c2b43bd547,comparison,classical_cs_tv,classical_cs_tv,8,64,False,True,True,0.1,gaussian1d,0.2,mse_l1,40,0.0005,adam,0.0,1,val,ssim_real,0.5635862668396785,0.041697738561261
comparison_c2b43bd547,comparison,classical_cs_tv,classical_cs_tv,8,64,False,True,True,0.1,gaussian1d,0.2,mse_l1,40,0.0005,adam,0.0,1,val,ssim_imag,0.3212134052604623,0.077622871698389
comparison_c2b43bd547,comparison,classical_cs_tv,classical_cs_tv,8,64,False,True,True,0.1,gaussian1d,0.2,mse_l1,40,0.0005,adam,0.0,1,val,nmse,0.1866453900964374,0.0231193282844849
comparison_c2b43bd547,comparison,classical_cs_tv,classical_cs_tv,8,64,False,True,True,0.1,gaussian1d,0.2,mse_l1,40,0.0005,adam,0.0,1,test,psnr_real,28.781934985555864,1.7671617442707044
comparison_c2b43bd547,comparison,classical_cs_tv,classical_cs_tv,8,64,False,True,True,0.1,gaussian1d,0.2,mse_l1,40,0.0005,adam,0.0,1,test,psnr_imag,32.99598697837926,2.3382140130075864
comparison_c2b43bd547,comparison,classical_cs_tv,classical_cs_tv,8,64,False,True,True,0.1,gaussian1d,0.2,mse_l1,40,0.0005,adam,0.0,1,test,ssim_real,0.5642364199690241,0.0403029743479224
comparison_c2b43bd547,comparison,classical_cs_tv,classical_cs_tv,8,64,False,True,True,0.1,gaussian1d,0.2,mse_l1,40,0.0005,adam,0.0,1,test,ssim_imag,0.3197015065029575,0.0701027831404509
comparison_c2b43bd547,comparison,classical_cs_tv,classical_cs_tv,8,64,False,True,True,0.1,gaussian1d,0.2,mse_l1,40,0.0005,adam,0.0,1,test,nmse,0.1843593764005844,0.0211841968604741
comparison_c2b43bd547,comparison,zero_filled,classical_cs_tv,8,64,False,True,True,0.1,gaussian1d,0.2,mse_l1,40,0.0005,adam,0.0,1,test,psnr_real,27.083906317355744,1.7942146610596017
comparison_c2b43bd547,comparison,zero_filled,classical_cs_tv,8,64,False,True,True,0.1,gaussian1d,0.2,mse_l1,40,0.0005,adam,0.0,1,test,psnr_imag,30.839243198538423,2.148736220897032
comparison_c2b43bd547,comparison,zero_filled,classical_cs_tv,8,64,False,True,True,0.1,gaussian1d,0.2,mse_l1,40,0.0005,adam,0.0,1,test,ssim_real,0.5495570241532066,0.0384941045018988
comparison_c2b43bd547,comparison,zero_filled,classical_cs_tv,8,64,False,True,True,0.1,gaussian1d,0.2,mse_l1,40,0.0005,adam,0.0,1,test,ssim_imag,0.330610309310538,0.0654125475464479
comparison_c2b43bd547,comparison,zero_filled,classical_cs_tv,8,64,False,True,True,0.1,gaussian1d,0.2,mse_l1,40,0.0005,adam,0.0,1,test,nmse,0.2797102745793853,0.0248478558062702
comparison_b0fc577803,comparison,classical_cs_tv,classical_cs_tv,8,64,False,True,True,0.1,gaussian1d,0.2,mse_l1,40,0.0005,adam,0.0,2,val,psnr_real,20.40323595512884,2.040464635441349
comparison_b0fc577803,comparison,classical_cs_tv,classical_cs_tv,8,64,False,True,True,0.1,gaussian1d,0.2,mse_l1,40,0.0005,adam,0.0,2,val,psnr_imag,42.79157215667916,1.246858112012853
comparison_b0fc577803,comparison,classical_cs_tv,classical_cs_tv,8,64,False,True,True,0.1,gaussian1d,0.2,mse_l1,40,0.0005,adam,0.0,2,val,ssim_real,0.3334612010167386,0.0784485788475744
comparison_b0fc577803,comparison,classical_cs_tv,classical_cs_tv,8,64,False,True,True,0.1,gaussian1d,0.2,mse_l1,40,0.0005,adam,0.0,2,val,ssim_imag,0.8803571463875581,0.0312088452237234
comparison_b0fc577803,comparison,classical_cs_tv,classical_cs_tv,8,64,False,True,True,0.1,gaussian1d,0.2,mse_l1,40,0.0005,adam,0.0,2,val,nmse,0.9234165656292862,0.0472869463006132
comparison_b0fc577803,comparison,classical_cs_tv,classical_cs_tv,8,64,False,True,True,0.1,gaussian1d,0.2,mse_l1,40,0.0005,adam,0.0,2,test,psnr_real,20.354292709957107,1.901861724495148
comparison_b0fc577803,comparison,classical_cs_tv,classical_cs_tv,8,64,False,True,True,0.1,gaussian1d,0.2,mse_l1,40,0.0005,adam,0.0,2,test,psnr_imag,42.88553044786014,1.2398995036199945
comparison_b0fc577803,comparison,classical_cs_tv,classical_cs_tv,8,64,False,True,True,0.1,gaussian1d,0.2,mse_l1,40,0.0005,adam,0.0,2,test,ssim_real,0.339756467788788,0.0773774704583661
comparison_b0fc577803,comparison,classical_cs_tv,classical_cs_tv,8,64,False,True,True,0.1,gaussian1d,0.2,mse_l1,40,0.0005,adam,0.0,2,test,ssim_imag,0.8837173517528438,0.0291849808688145
comparison_b0fc577803,comparison,classical_cs_tv,classical_cs_tv,8,64,False,True,True,0.1,gaussian1d,0.2,mse_l1,40,0.0005,adam,0.0,2,test,nmse,0.9253315016564964,0.043956179907929
comparison_b0fc577803,comparison,zero_filled,classical_cs_tv,8,64,False,True,True,0.1,gaussian1d,0.2,mse_l1,40,0.0005,adam,0.0,2,test,psnr_real,20.22555370011589,1.889175777325092
comparison_b0fc577803,comparison,zero_filled,classical_cs_tv,8,64,False,True,True,0.1,gaussian1d,0.2,mse_l1,40,0.0005,adam,0.0,2,test,psnr_imag,40.40457013660894,1.997788508077676
comparison_b0fc577803,comparison,zero_filled,classical_cs_tv,8,64,False,True,True,0.1,gaussian1d,0.2,mse_l1,40,0.0005,adam,0.0,2,test,ssim_real,0.3136392852377193,0.0813966035904043
comparison_b0fc577803,comparison,zero_filled,classical_cs_tv,8,64,False,True,True,0.1,gaussian1d,0.2,mse_l1,40,0.0005,adam,0.0,2,test,ssim_imag,0.8120117357086437,0.0608396214849232
comparison_b0fc577803,comparison,zero_filled,classical_cs_tv,8,64,False,True,True,0.1,gaussian1d,0.2,mse_l1,40,0.0005,adam,0.0,2,test,nmse,0.9564093487282678,0.0161434595237574
comparison_eed6d82908,comparison,classical_cs_tv,classical_cs_tv,8,64,False,True,True,0.1,gaussian1d,0.3,mse_l1,40,0.0005,adam,0.0,0,val,psnr_real,22.227744988459385,2.021798045140415
comparison_eed6d82908,comparison,classical_cs_tv,classical_cs_tv,8,64,False,True,True,0.1,gaussian1d,0.3,mse_l1,40,0.0005,adam,0.0,0,val,psnr_imag,32.45522760697845,2.441131505933047
comparison_eed6d82908,comparison,classical_cs_tv,classical_cs_tv,8,64,False,True,True,0.1,gaussian1d,0.3,mse_l1,40,0.0005,adam,0.0,0,val,ssim_real,0.2749428083043009,0.0621843444363715
comparison_eed6d82908,comparison,classical_cs_tv,classical_cs_tv,8,64,False,True,True,0.1,gaussian1d,0.3,mse_l1,40,0.0005,adam,0.0,0,val,ssim_imag,0.3789354876025982,0.0744134462906015
comparison_eed6d82908,comparison,classical_cs_tv,classical_cs_tv,8,64,False,True,True,0.1,gaussian1d,0.3,mse_l1,40,0.0005,adam,0.0,0,val,nmse,0.6627927494696138,0.0427393442266534
comparison_eed6d82908,comparison,classical_cs_tv,classical_cs_tv,8,64,False,True,True,0.1,gaussian1d,0.3,mse_l1,40,0.0005,adam,0.0,0,test,psnr_real,22.180140503280832,1.8721636851958705
comparison_eed6d82908,comparison,classical_cs_tv,classical_cs_tv,8,64,False,True,True,0.1,gaussian1d,0.3,mse_l1,40,0.0005,adam,0.0,0,test,psnr_imag,32.36573465897947,2.33062866463985
comparison_eed6d82908,comparison,classical_cs_tv,classical_cs_tv,8,64,False,True,True,0.1,gaussian1d,0.3,mse_l1,40,0.0005,adam,0.0,0,test,ssim_real,0.2790119887084143,0.0615483048778378
comparison_eed6d82908,comparison,classical_cs_tv,classical_cs_tv,8,64,False,True,True,0.1,gaussian1d,0.3,mse_l1,40,0.0005,adam,0.0,0,test,ssim_imag,0.3792502895371684,0.068523462290108
comparison_eed6d82908,comparison,classical_cs_tv,classical_cs_tv,8,64,False,True,True,0.1,gaussian1d,0.3,mse_l1,40,0.0005,adam,0.0,0,test,nmse,0.6644487736364788,0.0378516554378568
comparison_eed6d82908,comparison,zero_filled,classical_cs_tv,8,64,False,True,True,0.1,gaussian1d,0.3,mse_l1,40,0.0005,adam,0.0,0,test,psnr_real,21.60755972682681,1.8443774653523937
comparison_eed6d82908,comparison,zero_filled,classical_cs_tv,8,64,False,True,True,0.1,gaussian1d,0.3,mse_l1,40,0.0005,adam,0.0,0,test,psnr_imag,30.377767107975533,2.0848292233403383
comparison_eed6d82908,comparison,zero_filled,classical_cs_tv,8,64,False,True,True,0.1,gaussian1d,0.3,mse_l1,40,0.0005,adam,0.0,0,test,ssim_real,0.3017083461158694,0.0797648775165876
comparison_eed6d82908,comparison,zero_filled,classical_cs_tv,8,64,False,True,True,0.1,gaussian1d,0.3,mse_l1,40,0.0005,adam,0.0,0,test,ssim_imag,0.3461612068023142,0.0740118258339385
comparison_eed6d82908,comparison,zero_filled,classical_cs_tv,8,64,False,True,True,0.1,gaussian1d,0.3,mse_l1,40,0.0005,adam,0.0,0,test,nmse,0.7820399040706986,0.025187587939406
comparison_f64a2f55c9,comparison,classical_cs_tv,classical_cs_tv,8,64,False,True,True,0.1,gaussian1d,0.3,mse_l1,40,0.0005,adam,0.0,1,val,psnr_real,30.693926140261592,1.8965489181241784
comparison_f64a2f55c9,comparison,classical_cs_tv,classical_cs_tv,8,64,False,True,True,0.1,gaussian1d,0.3,mse_l1,40,0.0005,adam,0.0,1,val,psnr_imag,33.34138128005886,2.3553501157887493
comparison_f64a2f55c9,comparison,classical_cs_tv,classical_cs_tv,8,64,False,True,True,0.1,gaussian1d,0.3,mse_l1,40,0.0005,adam,0.0,1,val,ssim_real,0.6460664981591179,0.0428738443096614
comparison_f64a2f55c9,comparison,classical_cs_tv,classical_cs_tv,8,64,False,True,True,0.1,gaussian1d,0.3,mse_l1,40,0.0005,adam,0.0,1,val,ssim_imag,0.3698921857833364,0.0746565755527196
comparison_f64a2f55c9,comparison,classical_cs_tv,classical_cs_tv,8,64,False,True,True,0.1,gaussian1d,0.3,mse_l1,40,0.0005,adam,0.0,1,val,nmse,0.1341091559146043,0.0178072278400529
comparison_f64a2f55c9,comparison,classical_cs_tv,classical_cs_tv,8,64,False,True,True,0.1,gaussian1d,0.3,mse_l1,40,0.0005,adam,0.0,1,test,psnr_real,30.72273576010221,1.8131137847498056
comparison_f64a2f55c9,comparison,classical_cs_tv,classical_cs_tv,8,64,False,True,True,0.1,gaussian1d,0.3,mse_l1,40,0.0005,adam,0.0,1,test,psnr_imag,33.29243245783211,2.2294181244955578
comparison_f64a2f55c9,comparison,classical_cs_tv,classical_cs_tv,8,64,False,True,True,0.1,gaussian1d,0.3,mse_l1,40,0.0005,adam,0.0,1,test,ssim_real,0.646042470652688,0.0406733201547072
comparison_f64a2f55c9,comparison,classical_cs_tv,classical_cs_tv,8,64,False,True,True,0.1,gaussian1d,0.3,mse_l1,40,0.0005,adam,0.0,1,test,ssim_imag,0.3691365723829389,0.0687058901188459
comparison_f64a2f55c9,comparison,classical_cs_tv,classical_cs_tv,8,64,False,True,True,0.1,gaussian1d,0.3,mse_l1,40,0.0005,adam,0.0,1,test,nmse,0.1326723273796765,0.0163989402782853
comparison_f64a2f55c9,comparison,zero_filled,classical_cs_tv,8,64,False,True,True,0.1,gaussian1d,0.3,mse_l1,40,0.0005,adam,0.0,1,test,psnr_real,28.012580544379965,1.805416067499424
comparison_f64a2f55c9,comparison,zero_filled,classical_cs_tv,8,64,False,True,True,0.1,gaussian1d,0.3,mse_l1,40,0.0005,adam,0.0,1,test,psnr_imag,30.519092192709696,2.0670281120861884
comparison_f64a2f55c9,comparison,zero_filled,classical_cs_tv,8,64,False,True,True,0.1,gaussian1d,0.3,mse_l1,40,0.0005,adam,0.0,1,test,ssim_real,0.6079901691261196,0.0357189840679169
comparison_f64a2f55c9,comparison,zero_filled,classical_cs_tv,8,64,False,True,True,0.1,gaussian1d,0.3,mse_l1,40,0.0005,adam,0.0,1,test,ssim_imag,0.3395621475128449,0.0603143959439115
comparison_f64a2f55c9,comparison,zero_filled,classical_cs_tv,8,64,False,True,True,0.1,gaussian1d,0.3,mse_l1,40,0.0005,adam,0.0,1,test,nmse,0.2476196529102126,0.0190687829224098
comparison_1fd7690ad9,comparison,classical_cs_tv,classical_cs_tv,8,64,False,True,True,0.1,gaussian1d,0.3,mse_l1,40,0.0005,adam,0.0,2,val,psnr_real,20.54688965552535,2.069900756888502
comparison_1fd7690ad9,comparison,classical_cs_tv,classical_cs_tv,8,64,False,True,True,0.1,gaussian1d,0.3,mse_l1,40,0.0005,adam,0.0,2,val,psnr_imag,43.75260691154974,0.965844887627019
comparison_1fd7690ad9,comparison,classical_cs_tv,classical_cs_tv,8,64,False,True,True,0.1,gaussian1d,0.3,mse_l1,40,0.0005,adam,0.0,2,val,ssim_real,0.3510685634949013,0.0820876129470974
comparison_1fd7690ad9,comparison,classical_cs_tv,classical_cs_tv,8,64,False,True,True,0.1,gaussian1d,0.3,mse_l1,40,0.0005,adam,0.0,2,val,ssim_imag,0.9184077077220526,0.0163329133341564
comparison_1fd7690ad9,comparison,classical_cs_tv,classical_cs_tv,8,64,False,True,True,0.1,gaussian1d,0.3,mse_l1,40,0.0005,adam,0.0,2,val,nmse,0.8930599715615115,0.0561764459490435
comparison_1fd7690ad9,comparison,classical_cs_tv,classical_cs_tv,8,64,False,True,True,0.1,gaussian1d,0.3,mse_l1,40,0.0005,adam,0.0,2,test,psnr_real,20.48856815234388,1.919933222708752
comparison_1fd7690ad9,comparison,classical_cs_tv,classical_cs_tv,8,64,False,True,True,0.1,gaussian1d,0.3,mse_l1,40,0.0005,adam,0.0,2,test,psnr_imag,43.78441235211105,0.9795568442585336
comparison_1fd7690ad9,comparison,classical_cs_tv,classical_cs_tv,8,64,False,True,True,0.1,gaussian1d,0.3,mse_l1,40,0.0005,adam,0.0,2,test,ssim_real,0.3580912891853304,0.0805253392543841
comparison_1fd7690ad9,comparison,classical_cs_tv,classical_cs_tv,8,64,False,True,True,0.1,gaussian1d,0.3,mse_l1,40,0.0005,adam,0.0,2,test,ssim_imag,0.9192926296379776,0.0162012205967977
comparison_1fd7690ad9,comparison,classical_cs_tv,classical_cs_tv,8,64,False,True,True,0.1,gaussian1d,0.3,mse_l1,40,0.0005,adam,0.0,2,test,nmse,0.8967442114732256,0.0513041483161784
comparison_1fd7690ad9,comparison,zero_filled,classical_cs_tv,8,64,False,True,True,0.1,gaussian1d,0.3,mse_l1,40,0.0005,adam,0.0,2,test,psnr_real,20.31666323530125,1.906408817830625
comparison_1fd7690ad9,comparison,zero_filled,classical_cs_tv,8,64,False,True,True,0.1,gaussian1d,0.3,mse_l1,40,0.0005,adam,0.0,2,test,psnr_imag,39.97213393175452,1.983742244492961
comparison_1fd7690ad9,comparison,zero_filled,classical_cs_tv,8,64,False,True,True,0.1,gaussian1d,0.3,mse_l1,40,0.0005,adam,0.0,2,test,ssim_real,0.2990117853343736,0.0846932566866857
comparison_1fd7690ad9,comparison,zero_filled,classical_cs_tv,8,64,False,True,True,0.1,gaussian1d,0.3,mse_l1,40,0.0005,adam,0.0,2,test,ssim_imag,0.8208317710515346,0.0608276045308018
comparison_1fd7690ad9,comparison,zero_filled,classical_cs_tv,8,64,False,True,True,0.1,gaussian1d,0.3,mse_l1,40,0.0005,adam,0.0,2,test,nmse,0.9379940850964152,0.0237486553386381
comparison_f10077b0f5,comparison,classical_cs_tv,classical_cs_tv,8,64,False,True,True,0.1,gaussian1d,0.5,mse_l1,40,0.0005,adam,0.0,0,val,psnr_real,23.003149494497663,2.0488006725197843
comparison_f10077b0f5,comparison,classical_cs_tv,classical_cs_tv,8,64,False,True,True,0.1,gaussian1d,0.5,mse_l1,40,0.0005,adam,0.0,0,val,psnr_imag,44.371410967163854,0.8894696243639947
comparison_f10077b0f5,comparison,classical_cs_tv,classical_cs_tv,8,64,False,True,True,0.1,gaussian1d,0.5,mse_l1,40,0.0005,adam,0.0,0,val,ssim_real,0.3391206203211324,0.044726831522477
comparison_f10077b0f5,comparison,classical_cs_tv,classical_cs_tv,8,64,False,True,True,0.1,gaussian1d,0.5,mse_l1,40,0.0005,adam,0.0,0,val,ssim_imag,0.9129865830278098,0.0180140872241325
comparison_f10077b0f5,comparison,classical_cs_tv,classical_cs_tv,8,64,False,True,True,0.1,gaussian1d,0.5,mse_l1,40,0.0005,adam,0.0,0,val,nmse,0.5106686441410558,0.0558744677043393
comparison_f10077b0f5,comparison,classical_cs_tv,classical_cs_tv,8,64,False,True,True,0.1,gaussian1d,0.5,mse_l1,40,0.0005,adam,0.0,0,test,psnr_real,22.956250849129265,1.885654981330074
comparison_f10077b0f5,comparison,classical_cs_tv,classical_cs_tv,8,64,False,True,True,0.1,gaussian1d,0.5,mse_l1,40,0.0005,adam,0.0,0,test,psnr_imag,44.40335958472854,0.8649555030137831
comparison_f10077b0f5,comparison,classical_cs_tv,classical_cs_tv,8,64,False,True,True,0.1,gaussian1d,0.5,mse_l1,40,0.0005,adam,0.0,0,test,ssim_real,0.3428803410801927,0.0445813136806245
comparison_f10077b0f5,comparison,classical_cs_tv,classical_cs_tv,8,64,False,True,True,0.1,gaussian1d,0.5,mse_l1,40,0.0005,adam,0.0,0,test,ssim_imag,0.9137173221450472,0.0169841960539851
comparison_f10077b0f5,comparison,classical_cs_tv,classical_cs_tv,8,64,False,True,True,0.1,gaussian1d,0.5,mse_l1,40,0.0005,adam,0.0,0,test,nmse,0.5111917098321676,0.0523130933653571
comparison_f10077b0f5,comparison,zero_filled,classical_cs_tv,8,64,False,True,True,0.1,gaussian1d,0.5,mse_l1,40,0.0005,adam,0.0,0,test,psnr_real,22.37435620599212,1.8588045648608604
comparison_f10077b0f5,comparison,zero_filled,classical_cs_tv,8,64,False,True,True,0.1,gaussian1d,0.5,mse_l1,40,0.0005,adam,0.0,0,test,psnr_imag,37.945002049082994,1.839244194504744
comparison_f10077b0f5,comparison,zero_filled,classical_cs_tv,8,64,False,True,True,0.1,gaussian1d,0.5,mse_l1,40,0.0005,adam,0.0,0,test,ssim_real,0.3898857993124419,0.0809267783977405
comparison_f10077b0f5,comparison,zero_filled,classical_cs_tv,8,64,False,True,True,0.1,gaussian1d,0.5,mse_l1,40,0.0005,adam,0.0,0,test,ssim_imag,0.7000689712279012,0.0671686204860504
comparison_f10077b0f5,comparison,zero_filled,classical_cs_tv,8,64,False,True,True,0.1,gaussian1d,0.5,mse_l1,40,0.0005,adam,0.0,0,test,nmse,0.5957092581683123,0.0486751565861677
comparison_4677c83618,comparison,classical_cs_tv,classical_cs_tv,8,64,False,True,True,0.1,gaussian1d,0.5,mse_l1,40,0.0005,adam,0.0,1,val,psnr_real,38.70519513028648,1.912619412634304
comparison_4677c83618,comparison,classical_cs_tv,classical_cs_tv,8,64,False,True,True,0.1,gaussian1d,0.5,mse_l1,40,0.0005,adam,0.0,1,val,psnr_imag,46.74196391414253,0.9852616614133584
comparison_4677c83618,comparison,classical_cs_tv,classical_cs_tv,8,64,False,True,True,0.1,gaussian1d,0.5,mse_l1,40,0.0005,adam,0.0,1,val,ssim_real,0.9174615773129314,0.0222505486824875
comparison_4677c83618,comparison,classical_cs_tv,classical_cs_tv,8,64,False,True,True,0.1,gaussian1d,0.5,mse_l1,40,0.0005,adam,0.0,1,val,ssim_imag,0.9674980421404747,0.0079935492595754
comparison_4677c83618,comparison,classical_cs_tv,classical_cs_tv,8,64,False,True,True,0.1,gaussian1d,0.5,mse_l1,40,0.0005,adam,0.0,1,val,nmse,0.0172426363711861,0.007929098332968
comparison_4677c83618,comparison,classical_cs_tv,classical_cs_tv,8,64,False,True,True,0.1,gaussian1d,0.5,mse_l1,40,0.0005,adam,0.0,1,test,psnr_real,38.84631431451901,1.8209708472610824
comparison_4677c83618,comparison,classical_cs_tv,classical_cs_tv,8,64,False,True,True,0.1,gaussian1d,0.5,mse_l1,40,0.0005,adam,0.0,1,test,psnr_imag,46.77499256373449,0.9724630811729296
comparison_4677c83618,comparison,classical_cs_tv,classical_cs_tv,8,64,False,True,True,0.1,gaussian1d,0.5,mse_l1,40,0.0005,adam,0.0,1,test,ssim_real,0.9192178364079368,0.0207144016342882
comparison_4677c83618,comparison,classical_cs_tv,classical_cs_tv,8,64,False,True,True,0.1,gaussian1d,0.5,mse_l1,40,0.0005,adam,0.0,1,test,ssim_imag,0.9678620702302606,0.0074999628789492
comparison_4677c83618,comparison,classical_cs_tv,classical_cs_tv,8,64,False,True,True,0.1,gaussian1d,0.5,mse_l1,40,0.0005,adam,0.0,1,test,nmse,0.016405740204349,0.0067344048895812
comparison_4677c83618,comparison,zero_filled,classical_cs_tv,8,64,False,True,True,0.1,gaussian1d,0.5,mse_l1,40,0.0005,adam,0.0,1,test,psnr_real,33.39470595994255,2.0012868371875774
comparison_4677c83618,comparison,zero_filled,classical_cs_tv,8,64,False,True,True,0.1,gaussian1d,0.5,mse_l1,40,0.0005,adam,0.0,1,test,psnr_imag,41.02726333011643,1.993905697118416
comparison_4677c83618,comparison,zero_filled,classical_cs_tv,8,64,False,True,True,0.1,gaussian1d,0.5,mse_l1,40,0.0005,adam,0.0,1,test,ssim_real,0.7870157321127887,0.0389991792386314
comparison_4677c83618,comparison,zero_filled,classical_cs_tv,8,64,False,True,True,0.1,gaussian1d,0.5,mse_l1,40,0.0005,adam,0.0,1,test,ssim_imag,0.8657021606068233,0.0491174060866218
comparison_4677c83618,comparison,zero_filled,classical_cs_tv,8,64,False,True,True,0.1,gaussian1d,0.5,mse_l1,40,0.0005,adam,0.0,1,test,nmse,0.0559955155827635,0.0163208488571595
comparison_f864e7e8d6,comparison,classical_cs_tv,classical_cs_tv,8,64,False,True,True,0.1,gaussian1d,0.5,mse_l1,40,0.0005,adam,0.0,2,val,psnr_real,23.18068469292436,2.052565202877352
comparison_f864e7e8d6,comparison,classical_cs_tv,classical_cs_tv,8,64,False,True,True,0.1,gaussian1d,0.5,mse_l1,40,0.0005,adam,0.0,2,val,psnr_imag,44.27839308641151,1.15640205204372
comparison_f864e7e8d6,comparison,classical_cs_tv,classical_cs_tv,8,64,False,True,True,0.1,gaussian1d,0.5,mse_l1,40,0.0005,adam,0.0,2,val,ssim_real,0.3281207459517958,0.0287981115283084
comparison_f864e7e8d6,comparison,classical_cs_tv,classical_cs_tv,8,64,False,True,True,0.1,gaussian1d,0.5,mse_l1,40,0.0005,adam,0.0,2,val,ssim_imag,0.8915163852227754,0.0368576115671699
comparison_f864e7e8d6,comparison,classical_cs_tv,classical_cs_tv,8,64,False,True,True,0.1,gaussian1d,0.5,mse_l1,40,0.0005,adam,0.0,2,val,nmse,0.4905698598053361,0.0547154214649975
comparison_f864e7e8d6,comparison,classical_cs_tv,classical_cs_tv,8,64,False,True,True,0.1,gaussian1d,0.5,mse_l1,40,0.0005,adam,0.0,2,test,psnr_real,23.133176751715368,1.8871316569161
comparison_f864e7e8d6,comparison,classical_cs_tv,classical_cs_tv,8,64,False,True,True,0.1,gaussian1d,0.5,mse_l1,40,0.0005,adam,0.0,2,test,psnr_imag,44.33649328862274,1.1066697305925
comparison_f864e7e8d6,comparison,classical_cs_tv,classical_cs_tv,8,64,False,True,True,0.1,gaussian1d,0.5,mse_l1,40,0.0005,adam,0.0,2,test,ssim_real,0.3297304840267452,0.0282366361955193
comparison_f864e7e8d6,comparison,classical_cs_tv,classical_cs_tv,8,64,False,True,True,0.1,gaussian1d,0.5,mse_l1,40,0.0005,adam,0.0,2,test,ssim_imag,0.893767174317747,0.0335725214355306
comparison_f864e7e8d6,comparison,classical_cs_tv,classical_cs_tv,8,64,False,True,True,0.1,gaussian1d,0.5,mse_l1,40,0.0005,adam,0.0,2,test,nmse,0.4911341902850562,0.0515220089260732
comparison_f864e7e8d6,comparison,zero_filled,classical_cs_tv,8,64,False,True,True,0.1,gaussian1d,0.5,mse_l1,40,0.0005,adam,0.0,2,test,psnr_real,22.53609950971404,1.8550891853327487
comparison_f864e7e8d6,comparison,zero_filled,classical_cs_tv,8,64,False,True,True,0.1,gaussian1d,0.5,mse_l1,40,0.0005,adam,0.0,2,test,psnr_imag,36.623090560466174,1.838483113218013
comparison_f864e7e8d6,comparison,zero_filled,classical_cs_tv,8,64,False,True,True,0.1,gaussian1d,0.5,mse_l1,40,0.0005,adam,0.0,2,test,ssim_real,0.3951321247045465,0.0640086372480354
comparison_f864e7e8d6,comparison,zero_filled,classical_cs_tv,8,64,False,True,True,0.1,gaussian1d,0.5,mse_l1,40,0.0005,adam,0.0,2,test,ssim_imag,0.58755680295214,0.0787395437865174
comparison_f864e7e8d6,comparison,zero_filled,classical_cs_tv,8,64,False,True,True,0.1,gaussian1d,0.5,mse_l1,40,0.0005,adam,0.0,2,test,nmse,0.5800106986172529,0.0466101039300713
comparison_989a25c032,comparison,classical_cs,classical_cs,8,64,False,True,True,0.1,gaussian1d,0.3,mse_l1,40,0.0005,adam,0.0,1,val,psnr_real,27.95781473625677,1.8634798614871304
comparison_989a25c032,comparison,classical_cs,classical_cs,8,64,False,True,True,0.1,gaussian1d,0.3,mse_l1,40,0.0005,adam,0.0,1,val,psnr_imag,30.525955463003267,2.1627133590870744
comparison_989a25c032,comparison,classical_cs,classical_cs,8,64,False,True,True,0.1,gaussian1d,0.3,mse_l1,40,0.0005,adam,0.0,1,val,ssim_real,0.6028773941426288,0.0366158750717988
comparison_989a25c032,comparison,classical_cs,classical_cs,8,64,False,True,True,0.1,gaussian1d,0.3,mse_l1,40,0.0005,adam,0.0,1,val,ssim_imag,0.3371274453861977,0.0640033102871905
comparison_989a25c032,comparison,classical_cs,classical_cs,8,64,False,True,True,0.1,gaussian1d,0.3,mse_l1,40,0.0005,adam,0.0,1,val,nmse,0.251862094024029,0.021395806290125
comparison_989a25c032,comparison,classical_cs,classical_cs,8,64,False,True,True,0.1,gaussian1d,0.3,mse_l1,40,0.0005,adam,0.0,1,test,psnr_real,27.96654865631997,1.8064809468732328
comparison_989a25c032,comparison,classical_cs,classical_cs,8,64,False,True,True,0.1,gaussian1d,0.3,mse_l1,40,0.0005,adam,0.0,1,test,psnr_imag,30.46976990480304,2.062761659648672
comparison_989a25c032,comparison,classical_cs,classical_cs,8,64,False,True,True,0.1,gaussian1d,0.3,mse_l1,40,0.0005,adam,0.0,1,test,ssim_real,0.6041841293728002,0.0359017487100676
comparison_989a25c032,comparison,classical_cs,classical_cs,8,64,False,True,True,0.1,gaussian1d,0.3,mse_l1,40,0.0005,adam,0.0,1,test,ssim_imag,0.3382739895744304,0.0605591121160728
comparison_989a25c032,comparison,classical_cs,classical_cs,8,64,False,True,True,0.1,gaussian1d,0.3,mse_l1,40,0.0005,adam,0.0,1,test,nmse,0.2502433337177691,0.0188174940672389
comparison_989a25c032,comparison,zero_filled,classical_cs,8,64,False,True,True,0.1,gaussian1d,0.3,mse_l1,40,0.0005,adam,0.0,1,test,psnr_real,28.012580544379965,1.805416067499424
comparison_989a25c032,comparison,zero_filled,classical_cs,8,64,False,True,True,0.1,gaussian1d,0.3,mse_l1,40,0.0005,adam,0.0,1,test,psnr_imag,30.519092192709696,2.0670281120861884
comparison_989a25c032,comparison,zero_filled,classical_cs,8,64,False,True,True,0.1,gaussian1d,0.3,mse_l1,40,0.0005,adam,0.0,1,test,ssim_real,0.6079901691261196,0.0357189840679169
comparison_989a25c032,comparison,zero_filled,classical_cs,8,64,False,True,True,0.1,gaussian1d,0.3,mse_l1,40,0.0005,adam,0.0,1,test,ssim_imag,0.3395621475128449,0.0603143959439115
comparison_989a25c032,comparison,zero_filled,classical_cs,8,64,False,True,True,0.1,gaussian1d,0.3,mse_l1,40,0.0005,adam,0.0,1,test,nmse,0.2476196529102126,0.0190687829224098
unet_reference_e4bbc308db,unet_reference,unet,unet,8,32,False,True,True,0.1,gaussian1d,0.2,mse_l1,40,0.0005,adam,0.0,0,val,psnr_real,38.81089191795142,1.8269381161912464
unet_reference_e4bbc308db,unet_reference,unet,unet,8,32,False,True,True,0.1,gaussian1d,0.2,mse_l1,40,0.0005,adam,0.0,0,val,psnr_imag,68.87821876828507,3.2127243003470487
unet_reference_e4bbc308db,unet_reference,unet,unet,8,32,False,True,True,0.1,gaussian1d,0.2,mse_l1,40,0.0005,adam,0.0,0,val,ssim_real,0.9604080868165528,0.0149250814677412
unet_reference_e4bbc308db,unet_reference,unet,unet,8,32,False,True,True,0.1,gaussian1d,0.2,mse_l1,40,0.0005,adam,0.0,0,val,ssim_imag,0.9992766342979384,0.0005649237954381
unet_reference_e4bbc308db,unet_reference,unet,unet,8,32,False,True,True,0.1,gaussian1d,0.2,mse_l1,40,0.0005,adam,0.0,0,val,nmse,0.0146511329332121,0.0073815379599017
unet_reference_e4bbc308db,unet_reference,unet,unet,8,32,False,True,True,0.1,gaussian1d,0.2,mse_l1,40,0.0005,adam,0.0,0,test,psnr_real,38.93639655492296,1.770740428618161
unet_reference_e4bbc308db,unet_reference,unet,unet,8,32,False,True,True,0.1,gaussian1d,0.2,mse_l1,40,0.0005,adam,0.0,0,test,psnr_imag,68.81376573730213,3.110304963407663
unet_reference_e4bbc308db,unet_reference,unet,unet,8,32,False,True,True,0.1,gaussian1d,0.2,mse_l1,40,0.0005,adam,0.0,0,test,ssim_real,0.9622824649681108,0.0133104919539299
unet_reference_e4bbc308db,unet_reference,unet,unet,8,32,False,True,True,0.1,gaussian1d,0.2,mse_l1,40,0.0005,adam,0.0,0,test,ssim_imag,0.9992725677071256,0.0005426990120294
unet_reference_e4bbc308db,unet_reference,unet,unet,8,32,False,True,True,0.1,gaussian1d,0.2,mse_l1,40,0.0005,adam,0.0,0,test,nmse,0.0139881237965295,0.0066392582772007
unet_reference_e4bbc308db,unet_reference,zero_filled,unet,8,32,False,True,True,0.1,gaussian1d,0.2,mse_l1,40,0.0005,adam,0.0,0,test,psnr_real,21.50856849638488,1.8298294844806688
unet_reference_e4bbc308db,unet_reference,zero_filled,unet,8,32,False,True,True,0.1,gaussian1d,0.2,mse_l1,40,0.0005,adam,0.0,0,test,psnr_imag,30.390463649478416,2.0871202317882243
unet_reference_e4bbc308db,unet_reference,zero_filled,unet,8,32,False,True,True,0.1,gaussian1d,0.2,mse_l1,40,0.0005,adam,0.0,0,test,ssim_real,0.2971664050819984,0.0790501094279452
unet_reference_e4bbc308db,unet_reference,zero_filled,unet,8,32,False,True,True,0.1,gaussian1d,0.2,mse_l1,40,0.0005,adam,0.0,0,test,ssim_imag,0.3492766627457351,0.0729403628103472
unet_reference_e4bbc308db,unet_reference,zero_filled,unet,8,32,False,True,True,0.1,gaussian1d,0.2,mse_l1,40,0.0005,adam,0.0,0,test,nmse,0.7976990125169315,0.0262881442675602
unet_reference_e0ade9aac3,unet_reference,unet,unet,8,32,False,True,True,0.1,gaussian1d,0.3,mse_l1,40,0.0005,adam,0.0,0,val,psnr_real,40.21123887701174,1.8331103670682785
unet_reference_e0ade9aac3,unet_reference,unet,unet,8,32,False,True,True,0.1,gaussian1d,0.3,mse_l1,40,0.0005,adam,0.0,0,val,psnr_imag,69.28501814043845,3.5637362809058803
unet_reference_e0ade9aac3,unet_reference,unet,unet,8,32,False,True,True,0.1,gaussian1d,0.3,mse_l1,40,0.0005,adam,0.0,0,val,ssim_real,0.9706787642457042,0.0112158899131662
unet_reference_e0ade9aac3,unet_reference,unet,unet,8,32,False,True,True,0.1,gaussian1d,0.3,mse_l1,40,0.0005,adam,0.0,0,val,ssim_imag,0.9991623115937744,0.0007515096388581
unet_reference_e0ade9aac3,unet_reference,unet,unet,8,32,False,True,True,0.1,gaussian1d,0.3,mse_l1,40,0.0005,adam,0.0,0,val,nmse,0.0105758127280061,0.0052376469029908
unet_reference_e0ade9aac3,unet_reference,unet,unet,8,32,False,True,True,0.1,gaussian1d,0.3,mse_l1,40,0.0005,adam,0.0,0,test,psnr_real,40.32789848838391,1.7767643305558696
unet_reference_e0ade9aac3,unet_reference,unet,unet,8,32,False,True,True,0.1,gaussian1d,0.3,mse_l1,40,0.0005,adam,0.0,0,test,psnr_imag,69.17253048150609,3.411088939721304
unet_reference_e0ade9aac3,unet_reference,unet,unet,8,32,False,True,True,0.1,gaussian1d,0.3,mse_l1,40,0.0005,adam,0.0,0,test,ssim_real,0.972065424445284,0.0100434805786438
unet_reference_e0ade9aac3,unet_reference,unet,unet,8,32,False,True,True,0.1,gaussian1d,0.3,mse_l1,40,0.0005,adam,0.0,0,test,ssim_imag,0.999169804935176,0.0006515213398821
unet_reference_e0ade9aac3,unet_reference,unet,unet,8,32,False,True,True,0.1,gaussian1d,0.3,mse_l1,40,0.0005,adam,0.0,0,test,nmse,0.0101280265183784,0.0047777544639355
unet_reference_e0ade9aac3,unet_reference,zero_filled,unet,8,32,False,True,True,0.1,gaussian1d,0.3,mse_l1,40,0.0005,adam,0.0,0,test,psnr_real,21.60755972682681,1.8443774653523937
unet_reference_e0ade9aac3,unet_reference,zero_filled,unet,8,32,False,True,True,0.1,gaussian1d,0.3,mse_l1,40,0.0005,adam,0.0,0,test,psnr_imag,30.377767107975533,2.0848292233403383
unet_reference_e0ade9aac3,unet_reference,zero_filled,unet,8,32,False,True,True,0.1,gaussian1d,0.3,mse_l1,40,0.0005,adam,0.0,0,test,ssim_real,0.3017083461158694,0.0797648775165876
unet_reference_e0ade9aac3,unet_reference,zero_filled,unet,8,32,False,True,True,0.1,gaussian1d,0.3,mse_l1,40,0.0005,adam,0.0,0,test,ssim_imag,0.3461612068023142,0.0740118258339385
unet_reference_e0ade9aac3,unet_reference,zero_filled,unet,8,32,False,True,True,0.1,gaussian1d,0.3,mse_l1,40,0.0005,adam,0.0,0,test,nmse,0.7820399040706986,0.025187587939406
unet_reference_b74866e348,unet_reference,unet,unet,8,32,False,True,True,0.1,gaussian1d,0.5,mse_l1,40,0.0005,adam,0.0,0,val,psnr_real,43.013240543437156,1.913378661622784
unet_reference_b74866e348,unet_reference,unet,unet,8,32,False,True,True,0.1,gaussian1d,0.5,mse_l1,40,0.0005,adam,0.0,0,val,psnr_imag,77.19749133721274,6.6731124314204795
unet_reference_b74866e348,unet_reference,unet,unet,8,32,False,True,True,0.1,gaussian1d,0.5,mse_l1,40,0.0005,adam,0.0,0,val,ssim_real,0.9826557769407062,0.007202974667933117
unet_reference_b74866e348,unet_reference,unet,unet,8,32,False,True,True,0.1,gaussian1d,0.5,mse_l1,40,0.0005,adam,0.0,0,val,ssim_imag,0.9997966201170999,0.000343812196931164
unet_reference_b74866e348,unet_reference,unet,unet,8,32,False,True,True,0.1,gaussian1d,0.5,mse_l1,40,0.0005,adam,0.0,0,val,nmse,0.005612199358537109,0.0034110000991205603
unet_reference_b74866e348,unet_reference,unet,unet,8,32,False,True,True,0.1,gaussian1d,0.5,mse_l1,40,0.0005,adam,0.0,0,test,psnr_real,43.15578001014358,1.8910907183623091
unet_reference_b74866e348,unet_reference,unet,unet,8,32,False,True,True,0.1,gaussian1d,0.5,mse_l1,40,0.0005,adam,0.0,0,test,psnr_imag,77.2150864062449,6.590655131050085
unet_reference_b74866e348,unet_reference,unet,unet,8,32,False,True,True,0.1,gaussian1d,0.5,mse_l1,40,0.0005,adam,0.0,0,test,ssim_real,0.9832529971789117,0.006782992465792856
unet_reference_b74866e348,unet_reference,unet,unet,8,32,False,True,True,0.1,gaussian1d,0.5,mse_l1,40,0.0005,adam,0.0,0,test,ssim_imag,0.9997987949199756,0.000345957499125425
unet_reference_b74866e348,unet_reference,unet,unet,8,32,False,True,True,0.1,gaussian1d,0.5,mse_l1,40,0.0005,adam,0.0,0,test,nmse,0.0052524432242812905,0.002611236043437401
unet_reference_b74866e348,unet_reference,zero_filled,unet,8,32,False,True,True,0.1,gaussian1d,0.5,mse_l1,40,0.0005,adam,0.0,0,test,psnr_real,22.37435620599212,1.8588045648608604
unet_reference_b74866e348,unet_reference,zero_filled,unet,8,32,False,True,True,0.1,gaussian1d,0.5,mse_l1,40,0.0005,adam,0.0,0,test,psnr_imag,37.945002049082994,1.8392441945047437
unet_reference_b74866e348,unet_reference,zero_filled,unet,8,32,False,True,True,0.1,gaussian1d,0.5,mse_l1,40,0.0005,adam,0.0,0,test,ssim_real,0.38988579931244194,0.08092677839774058
unet_reference_b74866e348,unet_reference,zero_filled,unet,8,32,False,True,True,0.1,gaussian1d,0.5,mse_l1,40,0.0005,adam,0.0,0,test,ssim_imag,0.7000689712279012,0.06716862048605043
unet_reference_b74866e348,unet_reference,zero_filled,unet,8,32,False,True,True,0.1,gaussian1d,0.5,mse_l1,40,0.0005,adam,0.0,0,test,nmse,0.5957092581683123,0.04867515658616773
